This is pdfTeX, Version 3.141592653-2.6-1.40.28 (MiKTeX 25.12) (preloaded format=pdflatex 2026.5.7)  16 MAY 2026 22:05
entering extended mode
 restricted \write18 enabled.
 %&-line parsing enabled.
**./main.tex
(main.tex
LaTeX2e <2025-11-01>
L3 programming layer <2025-12-24>
(C:\Users\admin\AppData\Local\Programs\MiKTeX\tex/latex/base\report.cls
Document Class: report 2025/01/22 v1.4n Standard LaTeX document class
(C:\Users\admin\AppData\Local\Programs\MiKTeX\tex/latex/base\size11.clo
File: size11.clo 2025/01/22 v1.4n Standard LaTeX file (size option)
)
\c@part=\count275
\c@chapter=\count276
\c@section=\count277
\c@subsection=\count278
\c@subsubsection=\count279
\c@paragraph=\count280
\c@subparagraph=\count281
\c@figure=\count282
\c@table=\count283
\abovecaptionskip=\skip49
\belowcaptionskip=\skip50
\bibindent=\dimen148
)
(C:\Users\admin\AppData\Local\Programs\MiKTeX\tex/latex/fncychap\fncychap.sty
Package: fncychap 2007/07/30 v1.34 LaTeX package (Revised chapters)
\RW=\skip51
\mylen=\skip52
\myhi=\skip53
\px=\skip54
\py=\skip55
\pyy=\skip56
\pxx=\skip57
\backskip=\skip58
)
(C:\Users\admin\AppData\Local\Programs\MiKTeX\tex/latex/fancyhdr\fancyhdr.sty
Package: fancyhdr 2025/02/07 v5.2 Extensive control of page headers and footers

\f@nch@headwidth=\skip59
\f@nch@offset@elh=\skip60
\f@nch@offset@erh=\skip61
\f@nch@offset@olh=\skip62
\f@nch@offset@orh=\skip63
\f@nch@offset@elf=\skip64
\f@nch@offset@erf=\skip65
\f@nch@offset@olf=\skip66
\f@nch@offset@orf=\skip67
\f@nch@height=\skip68
\f@nch@footalignment=\skip69
\f@nch@widthL=\skip70
\f@nch@widthC=\skip71
\f@nch@widthR=\skip72
\@temptokenb=\toks17
)
(C:\Users\admin\AppData\Local\Programs\MiKTeX\tex/latex/pdfpages\pdfpages.sty
Package: pdfpages 2026/03/30 v0.6h Insert pages of external PDF documents (AM)

(C:\Users\admin\AppData\Local\Programs\MiKTeX\tex/latex/base\ifthen.sty
Package: ifthen 2024/03/16 v1.1e Standard LaTeX ifthen package (DPC)
)
(C:\Users\admin\AppData\Local\Programs\MiKTeX\tex/latex/tools\calc.sty
Package: calc 2025/03/01 v4.3b Infix arithmetic (KKT,FJ)
\calc@Acount=\count284
\calc@Bcount=\count285
\calc@Adimen=\dimen149
\calc@Bdimen=\dimen150
\calc@Askip=\skip73
\calc@Bskip=\skip74
LaTeX Info: Redefining \setlength on input line 86.
LaTeX Info: Redefining \addtolength on input line 87.
\calc@Ccount=\count286
\calc@Cskip=\skip75
)
(C:\Users\admin\AppData\Local\Programs\MiKTeX\tex/latex/eso-pic\eso-pic.sty
Package: eso-pic 2025/12/10 v3.0d eso-pic (RN)
\ESO@tempdima=\dimen151
\ESO@tempdimb=\dimen152

(C:\Users\admin\AppData\Local\Programs\MiKTeX\tex/latex/graphics\keyval.sty
Package: keyval 2022/05/29 v1.15 key=value parser (DPC)
\KV@toks@=\toks18
)
(C:\Users\admin\AppData\Local\Programs\MiKTeX\tex/latex/xcolor\xcolor.sty
Package: xcolor 2024/09/29 v3.02 LaTeX color extensions (UK)

(C:\Users\admin\AppData\Local\Programs\MiKTeX\tex/latex/graphics-cfg\color.cfg
File: color.cfg 2016/01/02 v1.6 sample color configuration
)
Package xcolor Info: Driver file: pdftex.def on input line 274.

(C:\Users\admin\AppData\Local\Programs\MiKTeX\tex/latex/graphics-def\pdftex.def
File: pdftex.def 2025/09/29 v1.2d Graphics/color driver for pdftex
)
(C:\Users\admin\AppData\Local\Programs\MiKTeX\tex/latex/graphics\mathcolor.ltx)
Package xcolor Info: Model `cmy' substituted by `cmy0' on input line 1349.
Package xcolor Info: Model `hsb' substituted by `rgb' on input line 1353.
Package xcolor Info: Model `RGB' extended on input line 1365.
Package xcolor Info: Model `HTML' substituted by `rgb' on input line 1367.
Package xcolor Info: Model `Hsb' substituted by `hsb' on input line 1368.
Package xcolor Info: Model `tHsb' substituted by `hsb' on input line 1369.
Package xcolor Info: Model `HSB' substituted by `hsb' on input line 1370.
Package xcolor Info: Model `Gray' substituted by `gray' on input line 1371.
Package xcolor Info: Model `wave' substituted by `hsb' on input line 1372.
))
(C:\Users\admin\AppData\Local\Programs\MiKTeX\tex/latex/etoolbox\etoolbox.sty
Package: etoolbox 2025/10/02 v2.5m e-TeX tools for LaTeX (JAW)
\etb@tempcnta=\count287
)
(C:\Users\admin\AppData\Local\Programs\MiKTeX\tex/latex/graphics\graphicx.sty
Package: graphicx 2024/12/31 v1.2e Enhanced LaTeX Graphics (DPC,SPQR)

(C:\Users\admin\AppData\Local\Programs\MiKTeX\tex/latex/graphics\graphics.sty
Package: graphics 2024/08/06 v1.4g Standard LaTeX Graphics (DPC,SPQR)

(C:\Users\admin\AppData\Local\Programs\MiKTeX\tex/latex/graphics\trig.sty
Package: trig 2023/12/02 v1.11 sin cos tan (DPC)
)
(C:\Users\admin\AppData\Local\Programs\MiKTeX\tex/latex/graphics-cfg\graphics.c
fg
File: graphics.cfg 2016/06/04 v1.11 sample graphics configuration
)
Package graphics Info: Driver file: pdftex.def on input line 106.
)
\Gin@req@height=\dimen153
\Gin@req@width=\dimen154
)
\AM@pagewidth=\dimen155
\AM@pageheight=\dimen156
\AM@fboxrule=\dimen157

(C:\Users\admin\AppData\Local\Programs\MiKTeX\tex/latex/pdfpages\pppdftex.def
File: pppdftex.def 2026/03/30 v0.6h Pdfpages driver for pdfTeX (AM)
)
\pdfpages@includegraphics@status=\count288
\AM@pagebox=\box53
\AM@global@opts=\toks19
\AM@pagecnt=\count289
\AM@toc@title=\toks20
\AM@lof@heading=\toks21
\c@AM@survey=\count290
\AM@templatesizebox=\box54
) (C:\Users\admin\AppData\Local\Programs\MiKTeX\tex/latex/tools\array.sty
Package: array 2025/09/25 v2.6n Tabular extension package (FMi)
\col@sep=\dimen158
\ar@mcellbox=\box55
\extrarowheight=\dimen159
\NC@list=\toks22
\extratabsurround=\skip76
\backup@length=\skip77
\ar@cellbox=\box56
)
(C:\Users\admin\AppData\Local\Programs\MiKTeX\tex/latex/algorithms\algorithm.st
y
Package: algorithm 2009/08/24 v0.1 Document Style `algorithm' - floating enviro
nment
 (C:\Users\admin\AppData\Local\Programs\MiKTeX\tex/latex/float\float.sty
Package: float 2001/11/08 v1.3d Float enhancements (AL)
\c@float@type=\count291
\float@exts=\toks23
\float@box=\box57
\@float@everytoks=\toks24
\@floatcapt=\box58
)
\@float@every@algorithm=\toks25
\c@algorithm=\count292
)
(C:\Users\admin\AppData\Local\Programs\MiKTeX\tex/latex/algorithmicx\algpseudoc
ode.sty
Package: algpseudocode 

(C:\Users\admin\AppData\Local\Programs\MiKTeX\tex/latex/algorithmicx\algorithmi
cx.sty
Package: algorithmicx 2005/04/27 v1.2 Algorithmicx

Document Style algorithmicx 1.2 - a greatly improved `algorithmic' style
\c@ALG@line=\count293
\c@ALG@rem=\count294
\c@ALG@nested=\count295
\ALG@tlm=\skip78
\ALG@thistlm=\skip79
\c@ALG@Lnr=\count296
\c@ALG@blocknr=\count297
\c@ALG@storecount=\count298
\c@ALG@tmpcounter=\count299
\ALG@tmplength=\skip80
)
Document Style - pseudocode environments for use with the `algorithmicx' style
) (C:\Users\admin\AppData\Local\Programs\MiKTeX\tex/generic/babel\babel.sty
Package: babel 2025/12/11 v25.17 The multilingual framework for LuaLaTeX, pdfLa
TeX and XeLaTeX
\babel@savecnt=\count300
LaTeX Encoding Info:    Redeclaring text command \ij (encoding OT1) on input li
ne 2068.
LaTeX Encoding Info:    Redeclaring text command \IJ (encoding OT1) on input li
ne 2070.
LaTeX Encoding Info:    Redeclaring text command \ij (encoding T1) on input lin
e 2072.
LaTeX Encoding Info:    Redeclaring text command \IJ (encoding T1) on input lin
e 2073.
LaTeX Encoding Info:    Ignoring declaration for text command \ij (encoding ?) 
on input line 2074.
LaTeX Encoding Info:    Ignoring declaration for text command \IJ (encoding ?) 
on input line 2076.
LaTeX Encoding Info:    Ignoring declaration for text command \SS (encoding ?) 
on input line 2101.
\U@D=\dimen160
\l@unhyphenated=\language79

(C:\Users\admin\AppData\Local\Programs\MiKTeX\tex/generic/babel\txtbabel.def)
\bbl@readstream=\read2
\bbl@dirlevel=\count301
Package babel Info: Configuration files are deprecated, as
(babel)             they can break document portability.
(babel)             Reported on input line 4196.

*************************************
* Local config file bblopts.cfg used
*
(C:\Users\admin\AppData\Local\Programs\MiKTeX\tex/latex/arabi\bblopts.cfg
File: bblopts.cfg 2005/09/08 v0.1 add Arabic and Farsi to "declared" options of
 babel
)
(C:\Users\admin\AppData\Local\Programs\MiKTeX\tex/generic/babel/locale/en\babel
-english.tex)
Package babel Info: Importing font and identification data for english
(babel)             from babel-en.ini. Reported on input line 4320.

(C:\Users\admin\AppData\Local\Programs\MiKTeX\tex/latex/babel-english\english.l
df
Language: english 2017/06/06 v3.3r English support from the babel system
Package babel Info: Hyphen rules for 'canadian' set to \l@english
(babel)             (\language0). Reported on input line 102.
Package babel Info: Hyphen rules for 'australian' set to \l@ukenglish
(babel)             (\language73). Reported on input line 105.
Package babel Info: Hyphen rules for 'newzealand' set to \l@ukenglish
(babel)             (\language73). Reported on input line 108.
)) (C:\Users\admin\AppData\Local\Programs\MiKTeX\tex/latex/base\inputenc.sty
Package: inputenc 2024/02/08 v1.3d Input encoding file
\inpenc@prehook=\toks26
\inpenc@posthook=\toks27
) (C:\Users\admin\AppData\Local\Programs\MiKTeX\tex/latex/placeins\placeins.sty
Package: placeins 2005/04/18  v 2.2
)
(C:\Users\admin\AppData\Local\Programs\MiKTeX\tex/latex/todonotes\todonotes.sty
Package: todonotes 2024/01/05 v1.1.7 Todonotes source and documentation.
Package: todonotes 2024/01/05
(C:\Users\admin\AppData\Local\Programs\MiKTeX\tex/latex/xkeyval\xkeyval.sty
Package: xkeyval 2022/06/16 v2.9 package option processing (HA)

(C:\Users\admin\AppData\Local\Programs\MiKTeX\tex/generic/xkeyval\xkeyval.tex
(C:\Users\admin\AppData\Local\Programs\MiKTeX\tex/generic/xkeyval\xkvutils.tex
\XKV@toks=\toks28
\XKV@tempa@toks=\toks29
)
\XKV@depth=\count302
File: xkeyval.tex 2014/12/03 v2.7a key=value parser (HA)
))
(C:\Users\admin\AppData\Local\Programs\MiKTeX\tex/latex/pgf/frontendlayer\tikz.
sty
(C:\Users\admin\AppData\Local\Programs\MiKTeX\tex/latex/pgf/basiclayer\pgf.sty
(C:\Users\admin\AppData\Local\Programs\MiKTeX\tex/latex/pgf/utilities\pgfrcs.st
y
(C:\Users\admin\AppData\Local\Programs\MiKTeX\tex/generic/pgf/utilities\pgfutil
-common.tex
\pgfutil@everybye=\toks30
\pgfutil@tempdima=\dimen161
\pgfutil@tempdimb=\dimen162
)
(C:\Users\admin\AppData\Local\Programs\MiKTeX\tex/generic/pgf/utilities\pgfutil
-latex.def
\pgfutil@abb=\box59
)
(C:\Users\admin\AppData\Local\Programs\MiKTeX\tex/generic/pgf/utilities\pgfrcs.
code.tex
(C:\Users\admin\AppData\Local\Programs\MiKTeX\tex/generic/pgf\pgf.revision.tex)
Package: pgfrcs 2025-08-29 v3.1.11a (3.1.11a)
))
Package: pgf 2025-08-29 v3.1.11a (3.1.11a)

(C:\Users\admin\AppData\Local\Programs\MiKTeX\tex/latex/pgf/basiclayer\pgfcore.
sty
(C:\Users\admin\AppData\Local\Programs\MiKTeX\tex/latex/pgf/systemlayer\pgfsys.
sty
(C:\Users\admin\AppData\Local\Programs\MiKTeX\tex/generic/pgf/systemlayer\pgfsy
s.code.tex
Package: pgfsys 2025-08-29 v3.1.11a (3.1.11a)

(C:\Users\admin\AppData\Local\Programs\MiKTeX\tex/generic/pgf/utilities\pgfkeys
.code.tex
\pgfkeys@pathtoks=\toks31
\pgfkeys@temptoks=\toks32

(C:\Users\admin\AppData\Local\Programs\MiKTeX\tex/generic/pgf/utilities\pgfkeys
libraryfiltered.code.tex
\pgfkeys@tmptoks=\toks33
))
\pgf@x=\dimen163
\pgf@y=\dimen164
\pgf@xa=\dimen165
\pgf@ya=\dimen166
\pgf@xb=\dimen167
\pgf@yb=\dimen168
\pgf@xc=\dimen169
\pgf@yc=\dimen170
\pgf@xd=\dimen171
\pgf@yd=\dimen172
\w@pgf@writea=\write3
\r@pgf@reada=\read3
\c@pgf@counta=\count303
\c@pgf@countb=\count304
\c@pgf@countc=\count305
\c@pgf@countd=\count306
\t@pgf@toka=\toks34
\t@pgf@tokb=\toks35
\t@pgf@tokc=\toks36
\pgf@sys@id@count=\count307

(C:\Users\admin\AppData\Local\Programs\MiKTeX\tex/generic/pgf/systemlayer\pgf.c
fg
File: pgf.cfg 2025-08-29 v3.1.11a (3.1.11a)
)
Driver file for pgf: pgfsys-pdftex.def

(C:\Users\admin\AppData\Local\Programs\MiKTeX\tex/generic/pgf/systemlayer\pgfsy
s-pdftex.def
File: pgfsys-pdftex.def 2025-08-29 v3.1.11a (3.1.11a)

(C:\Users\admin\AppData\Local\Programs\MiKTeX\tex/generic/pgf/systemlayer\pgfsy
s-common-pdf.def
File: pgfsys-common-pdf.def 2025-08-29 v3.1.11a (3.1.11a)
)))
(C:\Users\admin\AppData\Local\Programs\MiKTeX\tex/generic/pgf/systemlayer\pgfsy
ssoftpath.code.tex
File: pgfsyssoftpath.code.tex 2025-08-29 v3.1.11a (3.1.11a)
\pgfsyssoftpath@smallbuffer@items=\count308
\pgfsyssoftpath@bigbuffer@items=\count309
)
(C:\Users\admin\AppData\Local\Programs\MiKTeX\tex/generic/pgf/systemlayer\pgfsy
sprotocol.code.tex
File: pgfsysprotocol.code.tex 2025-08-29 v3.1.11a (3.1.11a)
))
(C:\Users\admin\AppData\Local\Programs\MiKTeX\tex/generic/pgf/basiclayer\pgfcor
e.code.tex
Package: pgfcore 2025-08-29 v3.1.11a (3.1.11a)

(C:\Users\admin\AppData\Local\Programs\MiKTeX\tex/generic/pgf/math\pgfmath.code
.tex
(C:\Users\admin\AppData\Local\Programs\MiKTeX\tex/generic/pgf/math\pgfmathutil.
code.tex)
(C:\Users\admin\AppData\Local\Programs\MiKTeX\tex/generic/pgf/math\pgfmathparse
r.code.tex
\pgfmath@dimen=\dimen173
\pgfmath@count=\count310
\pgfmath@box=\box60
\pgfmath@toks=\toks37
\pgfmath@stack@operand=\toks38
\pgfmath@stack@operation=\toks39
)
(C:\Users\admin\AppData\Local\Programs\MiKTeX\tex/generic/pgf/math\pgfmathfunct
ions.code.tex)
(C:\Users\admin\AppData\Local\Programs\MiKTeX\tex/generic/pgf/math\pgfmathfunct
ions.basic.code.tex)
(C:\Users\admin\AppData\Local\Programs\MiKTeX\tex/generic/pgf/math\pgfmathfunct
ions.trigonometric.code.tex)
(C:\Users\admin\AppData\Local\Programs\MiKTeX\tex/generic/pgf/math\pgfmathfunct
ions.random.code.tex)
(C:\Users\admin\AppData\Local\Programs\MiKTeX\tex/generic/pgf/math\pgfmathfunct
ions.comparison.code.tex)
(C:\Users\admin\AppData\Local\Programs\MiKTeX\tex/generic/pgf/math\pgfmathfunct
ions.base.code.tex)
(C:\Users\admin\AppData\Local\Programs\MiKTeX\tex/generic/pgf/math\pgfmathfunct
ions.round.code.tex)
(C:\Users\admin\AppData\Local\Programs\MiKTeX\tex/generic/pgf/math\pgfmathfunct
ions.misc.code.tex)
(C:\Users\admin\AppData\Local\Programs\MiKTeX\tex/generic/pgf/math\pgfmathfunct
ions.integerarithmetics.code.tex)
(C:\Users\admin\AppData\Local\Programs\MiKTeX\tex/generic/pgf/math\pgfmathcalc.
code.tex)
(C:\Users\admin\AppData\Local\Programs\MiKTeX\tex/generic/pgf/math\pgfmathfloat
.code.tex
\c@pgfmathroundto@lastzeros=\count311
))
(C:\Users\admin\AppData\Local\Programs\MiKTeX\tex/generic/pgf/math\pgfint.code.
tex)
(C:\Users\admin\AppData\Local\Programs\MiKTeX\tex/generic/pgf/basiclayer\pgfcor
epoints.code.tex
File: pgfcorepoints.code.tex 2025-08-29 v3.1.11a (3.1.11a)
\pgf@picminx=\dimen174
\pgf@picmaxx=\dimen175
\pgf@picminy=\dimen176
\pgf@picmaxy=\dimen177
\pgf@pathminx=\dimen178
\pgf@pathmaxx=\dimen179
\pgf@pathminy=\dimen180
\pgf@pathmaxy=\dimen181
\pgf@xx=\dimen182
\pgf@xy=\dimen183
\pgf@yx=\dimen184
\pgf@yy=\dimen185
\pgf@zx=\dimen186
\pgf@zy=\dimen187
)
(C:\Users\admin\AppData\Local\Programs\MiKTeX\tex/generic/pgf/basiclayer\pgfcor
epathconstruct.code.tex
File: pgfcorepathconstruct.code.tex 2025-08-29 v3.1.11a (3.1.11a)
\pgf@path@lastx=\dimen188
\pgf@path@lasty=\dimen189
)
(C:\Users\admin\AppData\Local\Programs\MiKTeX\tex/generic/pgf/basiclayer\pgfcor
epathusage.code.tex
File: pgfcorepathusage.code.tex 2025-08-29 v3.1.11a (3.1.11a)
\pgf@shorten@end@additional=\dimen190
\pgf@shorten@start@additional=\dimen191
)
(C:\Users\admin\AppData\Local\Programs\MiKTeX\tex/generic/pgf/basiclayer\pgfcor
escopes.code.tex
File: pgfcorescopes.code.tex 2025-08-29 v3.1.11a (3.1.11a)
\pgfpic=\box61
\pgf@hbox=\box62
\pgf@layerbox@main=\box63
\pgf@picture@serial@count=\count312
)
(C:\Users\admin\AppData\Local\Programs\MiKTeX\tex/generic/pgf/basiclayer\pgfcor
egraphicstate.code.tex
File: pgfcoregraphicstate.code.tex 2025-08-29 v3.1.11a (3.1.11a)
\pgflinewidth=\dimen192
)
(C:\Users\admin\AppData\Local\Programs\MiKTeX\tex/generic/pgf/basiclayer\pgfcor
etransformations.code.tex
File: pgfcoretransformations.code.tex 2025-08-29 v3.1.11a (3.1.11a)
\pgf@pt@x=\dimen193
\pgf@pt@y=\dimen194
\pgf@pt@temp=\dimen195
)
(C:\Users\admin\AppData\Local\Programs\MiKTeX\tex/generic/pgf/basiclayer\pgfcor
equick.code.tex
File: pgfcorequick.code.tex 2025-08-29 v3.1.11a (3.1.11a)
)
(C:\Users\admin\AppData\Local\Programs\MiKTeX\tex/generic/pgf/basiclayer\pgfcor
eobjects.code.tex
File: pgfcoreobjects.code.tex 2025-08-29 v3.1.11a (3.1.11a)
)
(C:\Users\admin\AppData\Local\Programs\MiKTeX\tex/generic/pgf/basiclayer\pgfcor
epathprocessing.code.tex
File: pgfcorepathprocessing.code.tex 2025-08-29 v3.1.11a (3.1.11a)
)
(C:\Users\admin\AppData\Local\Programs\MiKTeX\tex/generic/pgf/basiclayer\pgfcor
earrows.code.tex
File: pgfcorearrows.code.tex 2025-08-29 v3.1.11a (3.1.11a)
\pgfarrowsep=\dimen196
)
(C:\Users\admin\AppData\Local\Programs\MiKTeX\tex/generic/pgf/basiclayer\pgfcor
eshade.code.tex
File: pgfcoreshade.code.tex 2025-08-29 v3.1.11a (3.1.11a)
\pgf@max=\dimen197
\pgf@sys@shading@range@num=\count313
\pgf@shadingcount=\count314
)
(C:\Users\admin\AppData\Local\Programs\MiKTeX\tex/generic/pgf/basiclayer\pgfcor
eimage.code.tex
File: pgfcoreimage.code.tex 2025-08-29 v3.1.11a (3.1.11a)
)
(C:\Users\admin\AppData\Local\Programs\MiKTeX\tex/generic/pgf/basiclayer\pgfcor
eexternal.code.tex
File: pgfcoreexternal.code.tex 2025-08-29 v3.1.11a (3.1.11a)
\pgfexternal@startupbox=\box64
)
(C:\Users\admin\AppData\Local\Programs\MiKTeX\tex/generic/pgf/basiclayer\pgfcor
elayers.code.tex
File: pgfcorelayers.code.tex 2025-08-29 v3.1.11a (3.1.11a)
)
(C:\Users\admin\AppData\Local\Programs\MiKTeX\tex/generic/pgf/basiclayer\pgfcor
etransparency.code.tex
File: pgfcoretransparency.code.tex 2025-08-29 v3.1.11a (3.1.11a)
)
(C:\Users\admin\AppData\Local\Programs\MiKTeX\tex/generic/pgf/basiclayer\pgfcor
epatterns.code.tex
File: pgfcorepatterns.code.tex 2025-08-29 v3.1.11a (3.1.11a)
)
(C:\Users\admin\AppData\Local\Programs\MiKTeX\tex/generic/pgf/basiclayer\pgfcor
erdf.code.tex
File: pgfcorerdf.code.tex 2025-08-29 v3.1.11a (3.1.11a)
)))
(C:\Users\admin\AppData\Local\Programs\MiKTeX\tex/generic/pgf/modules\pgfmodule
shapes.code.tex
File: pgfmoduleshapes.code.tex 2025-08-29 v3.1.11a (3.1.11a)
\pgfnodeparttextbox=\box65
)
(C:\Users\admin\AppData\Local\Programs\MiKTeX\tex/generic/pgf/modules\pgfmodule
plot.code.tex
File: pgfmoduleplot.code.tex 2025-08-29 v3.1.11a (3.1.11a)
)
(C:\Users\admin\AppData\Local\Programs\MiKTeX\tex/latex/pgf/compatibility\pgfco
mp-version-0-65.sty
Package: pgfcomp-version-0-65 2025-08-29 v3.1.11a (3.1.11a)
\pgf@nodesepstart=\dimen198
\pgf@nodesepend=\dimen199
)
(C:\Users\admin\AppData\Local\Programs\MiKTeX\tex/latex/pgf/compatibility\pgfco
mp-version-1-18.sty
Package: pgfcomp-version-1-18 2025-08-29 v3.1.11a (3.1.11a)
))
(C:\Users\admin\AppData\Local\Programs\MiKTeX\tex/latex/pgf/utilities\pgffor.st
y
(C:\Users\admin\AppData\Local\Programs\MiKTeX\tex/latex/pgf/utilities\pgfkeys.s
ty
(C:\Users\admin\AppData\Local\Programs\MiKTeX\tex/generic/pgf/utilities\pgfkeys
.code.tex))
(C:\Users\admin\AppData\Local\Programs\MiKTeX\tex/latex/pgf/math\pgfmath.sty
(C:\Users\admin\AppData\Local\Programs\MiKTeX\tex/generic/pgf/math\pgfmath.code
.tex))
(C:\Users\admin\AppData\Local\Programs\MiKTeX\tex/generic/pgf/utilities\pgffor.
code.tex
Package: pgffor 2025-08-29 v3.1.11a (3.1.11a)
\pgffor@iter=\dimen256
\pgffor@skip=\dimen257
\pgffor@stack=\toks40
\pgffor@toks=\toks41
))
(C:\Users\admin\AppData\Local\Programs\MiKTeX\tex/generic/pgf/frontendlayer/tik
z\tikz.code.tex
Package: tikz 2025-08-29 v3.1.11a (3.1.11a)

(C:\Users\admin\AppData\Local\Programs\MiKTeX\tex/generic/pgf/libraries\pgflibr
aryplothandlers.code.tex
File: pgflibraryplothandlers.code.tex 2025-08-29 v3.1.11a (3.1.11a)
\pgf@plot@mark@count=\count315
\pgfplotmarksize=\dimen258
)
\tikz@lastx=\dimen259
\tikz@lasty=\dimen260
\tikz@lastxsaved=\dimen261
\tikz@lastysaved=\dimen262
\tikz@lastmovetox=\dimen263
\tikz@lastmovetoy=\dimen264
\tikzleveldistance=\dimen265
\tikzsiblingdistance=\dimen266
\tikz@figbox=\box66
\tikz@figbox@bg=\box67
\tikz@tempbox=\box68
\tikz@tempbox@bg=\box69
\tikztreelevel=\count316
\tikznumberofchildren=\count317
\tikznumberofcurrentchild=\count318
\tikz@fig@count=\count319

(C:\Users\admin\AppData\Local\Programs\MiKTeX\tex/generic/pgf/modules\pgfmodule
matrix.code.tex
File: pgfmodulematrix.code.tex 2025-08-29 v3.1.11a (3.1.11a)
\pgfmatrixcurrentrow=\count320
\pgfmatrixcurrentcolumn=\count321
\pgf@matrix@numberofcolumns=\count322
)
\tikz@expandcount=\count323

(C:\Users\admin\AppData\Local\Programs\MiKTeX\tex/generic/pgf/frontendlayer/tik
z/libraries\tikzlibrarytopaths.code.tex
File: tikzlibrarytopaths.code.tex 2025-08-29 v3.1.11a (3.1.11a)
)))
(C:\Users\admin\AppData\Local\Programs\MiKTeX\tex/generic/pgf/frontendlayer/tik
z/libraries\tikzlibrarypositioning.code.tex
File: tikzlibrarypositioning.code.tex 2025-08-29 v3.1.11a (3.1.11a)
)
\c@@todonotes@numberoftodonotes=\count324
)
(C:\Users\admin\AppData\Local\Programs\MiKTeX\tex/latex/url\url.sty
\Urlmuskip=\muskip17
Package: url 2013/09/16  ver 3.4  Verb mode for urls, etc.
)
(C:\Users\admin\AppData\Local\Programs\MiKTeX\tex/latex/listings\listings.sty
\lst@mode=\count325
\lst@gtempboxa=\box70
\lst@token=\toks42
\lst@length=\count326
\lst@currlwidth=\dimen267
\lst@column=\count327
\lst@pos=\count328
\lst@lostspace=\dimen268
\lst@width=\dimen269
\lst@newlines=\count329
\lst@lineno=\count330
\lst@maxwidth=\dimen270

(C:\Users\admin\AppData\Local\Programs\MiKTeX\tex/latex/listings\lstpatch.sty
File: lstpatch.sty 2025/11/14 1.11b (Carsten Heinz)
)
(C:\Users\admin\AppData\Local\Programs\MiKTeX\tex/latex/listings\lstmisc.sty
File: lstmisc.sty 2025/11/14 1.11b (Carsten Heinz)
\c@lstnumber=\count331
\lst@skipnumbers=\count332
\lst@framebox=\box71
)
(C:\Users\admin\AppData\Local\Programs\MiKTeX\tex/latex/listings\listings.cfg
File: listings.cfg 2025/11/14 1.11b listings configuration
))
Package: listings 2025/11/14 1.11b (Carsten Heinz)
==> First Aid for listings.sty no longer applied!
    Expected:
        2024/09/23 1.10c (Carsten Heinz)
    but found:
        2025/11/14 1.11b (Carsten Heinz)
    so I'm assuming it got fixed.
(C:\Users\admin\AppData\Local\Programs\MiKTeX\tex/latex/enumitem\enumitem.sty
Package: enumitem 2025/02/06 v3.11 Customized lists
\labelindent=\skip81
\enit@outerparindent=\dimen271
\enit@toks=\toks43
\enit@inbox=\box72
\enit@count@id=\count333
\enitdp@description=\count334
)
(C:\Users\admin\AppData\Local\Programs\MiKTeX\tex/latex/tools\tabularx.sty
Package: tabularx 2023/12/11 v2.12a `tabularx' package (DPC)
\TX@col@width=\dimen272
\TX@old@table=\dimen273
\TX@old@col=\dimen274
\TX@target=\dimen275
\TX@delta=\dimen276
\TX@cols=\count335
\TX@ftn=\toks44
)
(C:\Users\admin\AppData\Local\Programs\MiKTeX\tex/latex/tools\dcolumn.sty
Package: dcolumn 2025/10/21 v1.06 decimal alignment package (DPC)
)
(C:\Users\admin\AppData\Local\Programs\MiKTeX\tex/latex/ragged2e\ragged2e.sty
Package: ragged2e 2023/06/22 v3.6 ragged2e Package
\CenteringLeftskip=\skip82
\RaggedLeftLeftskip=\skip83
\RaggedRightLeftskip=\skip84
\CenteringRightskip=\skip85
\RaggedLeftRightskip=\skip86
\RaggedRightRightskip=\skip87
\CenteringParfillskip=\skip88
\RaggedLeftParfillskip=\skip89
\RaggedRightParfillskip=\skip90
\JustifyingParfillskip=\skip91
\CenteringParindent=\skip92
\RaggedLeftParindent=\skip93
\RaggedRightParindent=\skip94
\JustifyingParindent=\skip95
)
(C:\Users\admin\AppData\Local\Programs\MiKTeX\tex/latex/siunitx\siunitx.sty
Package: siunitx 2026-04-15 v3.5.4 A comprehensive (SI) units package
\l__siunitx_number_uncert_offset_int=\count336
\l__siunitx_number_exponent_fixed_int=\count337
\l__siunitx_number_min_decimal_int=\count338
\l__siunitx_number_min_integer_int=\count339
\l__siunitx_number_round_precision_int=\count340
\l__siunitx_number_lower_threshold_int=\count341
\l__siunitx_number_upper_threshold_int=\count342
\l__siunitx_number_group_first_int=\count343
\l__siunitx_number_group_size_int=\count344
\l__siunitx_number_group_min_int=\count345
\l__siunitx_number_group_minimum_int=\count346
\l__siunitx_compound_count_int=\count347

(C:\Users\admin\AppData\Local\Programs\MiKTeX\tex/latex/translations\translatio
ns.sty
Package: translations 2022/02/05 v1.12 internationalization of LaTeX2e packages
 (CN)

(C:\Users\admin\AppData\Local\Programs\MiKTeX\tex/generic/pdftexcmds\pdftexcmds
.sty
Package: pdftexcmds 2020-06-27 v0.33 Utility functions of pdfTeX for LuaTeX (HO
)

(C:\Users\admin\AppData\Local\Programs\MiKTeX\tex/generic/infwarerr\infwarerr.s
ty
Package: infwarerr 2019/12/03 v1.5 Providing info/warning/error messages (HO)
) (C:\Users\admin\AppData\Local\Programs\MiKTeX\tex/generic/iftex\iftex.sty
Package: iftex 2024/12/12 v1.0g TeX engine tests
)
(C:\Users\admin\AppData\Local\Programs\MiKTeX\tex/generic/ltxcmds\ltxcmds.sty
Package: ltxcmds 2023-12-04 v1.26 LaTeX kernel commands for general use (HO)
)
Package pdftexcmds Info: \pdf@primitive is available.
Package pdftexcmds Info: \pdf@ifprimitive is available.
Package pdftexcmds Info: \pdfdraftmode found.
)) (C:\Users\admin\AppData\Local\Programs\MiKTeX\tex/latex/amsmath\amstext.sty
Package: amstext 2024/11/17 v2.01 AMS text

(C:\Users\admin\AppData\Local\Programs\MiKTeX\tex/latex/amsmath\amsgen.sty
File: amsgen.sty 1999/11/30 v2.0 generic functions
\@emptytoks=\toks45
\ex@=\dimen277
))
\l__siunitx_table_tmp_box=\box73
\l__siunitx_table_tmp_dim=\dimen278
\l__siunitx_table_column_width_dim=\dimen279
\l__siunitx_table_integer_box=\box74
\l__siunitx_table_decimal_box=\box75
\l__siunitx_table_uncert_box=\box76
\l__siunitx_table_before_box=\box77
\l__siunitx_table_after_box=\box78
\l__siunitx_table_before_dim=\dimen280
\l__siunitx_table_carry_dim=\dimen281
\l__siunitx_unit_tmp_int=\count348
\l__siunitx_unit_position_int=\count349
\l__siunitx_unit_total_int=\count350
\l__siunitx_sexagesimal_tmp_dim=\dimen282
\l__siunitx_sexagesimal_marker_box=\box79
\l__siunitx_sexagesimal_unit_box=\box80
)
(C:\Users\admin\AppData\Local\Programs\MiKTeX\tex/latex/tools\longtable.sty
Package: longtable 2025-10-13 v4.24 Multi-page Table package (DPC)
\LTleft=\skip96
\LTright=\skip97
\LTpre=\skip98
\LTpost=\skip99
\LTchunksize=\count351
\LTcapwidth=\dimen283
\LT@head=\box81
\LT@firsthead=\box82
\LT@foot=\box83
\LT@lastfoot=\box84
\LT@gbox=\box85
\LT@cols=\count352
\LT@rows=\count353
\c@LT@tables=\count354
\c@LT@chunks=\count355
\LT@p@ftn=\toks46
)
(C:\Users\admin\AppData\Local\Programs\MiKTeX\tex/latex/booktabs\booktabs.sty
Package: booktabs 2020/01/12 v1.61803398 Publication quality tables
\heavyrulewidth=\dimen284
\lightrulewidth=\dimen285
\cmidrulewidth=\dimen286
\belowrulesep=\dimen287
\belowbottomsep=\dimen288
\aboverulesep=\dimen289
\abovetopsep=\dimen290
\cmidrulesep=\dimen291
\cmidrulekern=\dimen292
\defaultaddspace=\dimen293
\@cmidla=\count356
\@cmidlb=\count357
\@aboverulesep=\dimen294
\@belowrulesep=\dimen295
\@thisruleclass=\count358
\@lastruleclass=\count359
\@thisrulewidth=\dimen296
)
(C:\Users\admin\AppData\Local\Programs\MiKTeX\tex/latex/ltablex\ltablex.sty
Package: ltablex 2014/08/13 v1.1 Modified tabularx
)
(C:\Users\admin\AppData\Local\Programs\MiKTeX\tex/latex/colortbl\colortbl.sty
Package: colortbl 2024/10/29 v1.0k Color table columns (DPC)
\everycr=\toks47
\minrowclearance=\skip100
\rownum=\count360
)
(C:\Users\admin\AppData\Local\Programs\MiKTeX\tex/latex/setspace\setspace.sty
Package: setspace 2022/12/04 v6.7b set line spacing
)
(C:\Users\admin\AppData\Local\Programs\MiKTeX\tex/latex/abstract\abstract.sty
Package: abstract 2009/06/08 v1.2a configurable abstracts
\abstitleskip=\skip101
\absleftindent=\skip102
\absrightindent=\skip103
\absparindent=\skip104
\absparsep=\skip105
)
(C:\Users\admin\AppData\Local\Programs\MiKTeX\tex/latex/base\fontenc.sty
Package: fontenc 2025/07/18 v2.1d Standard LaTeX package
)
(C:\Users\admin\AppData\Local\Programs\MiKTeX\tex/latex/amsmath\amsmath.sty
Package: amsmath 2025/07/09 v2.17z AMS math features
\@mathmargin=\skip106

For additional information on amsmath, use the `?' option.
(C:\Users\admin\AppData\Local\Programs\MiKTeX\tex/latex/amsmath\amsbsy.sty
Package: amsbsy 1999/11/29 v1.2d Bold Symbols
\pmbraise@=\dimen297
)
(C:\Users\admin\AppData\Local\Programs\MiKTeX\tex/latex/amsmath\amsopn.sty
Package: amsopn 2022/04/08 v2.04 operator names
)
\inf@bad=\count361
LaTeX Info: Redefining \frac on input line 233.
\uproot@=\count362
\leftroot@=\count363
LaTeX Info: Redefining \overline on input line 398.
LaTeX Info: Redefining \colon on input line 409.
\classnum@=\count364
\DOTSCASE@=\count365
LaTeX Info: Redefining \ldots on input line 495.
LaTeX Info: Redefining \dots on input line 498.
LaTeX Info: Redefining \cdots on input line 619.
\Mathstrutbox@=\box86
\strutbox@=\box87
LaTeX Info: Redefining \big on input line 721.
LaTeX Info: Redefining \Big on input line 722.
LaTeX Info: Redefining \bigg on input line 723.
LaTeX Info: Redefining \Bigg on input line 724.
\big@size=\dimen298
LaTeX Font Info:    Redeclaring font encoding OML on input line 742.
LaTeX Font Info:    Redeclaring font encoding OMS on input line 743.
\macc@depth=\count366
LaTeX Info: Redefining \bmod on input line 904.
LaTeX Info: Redefining \pmod on input line 909.
LaTeX Info: Redefining \smash on input line 939.
LaTeX Info: Redefining \relbar on input line 969.
LaTeX Info: Redefining \Relbar on input line 970.
\c@MaxMatrixCols=\count367
\dotsspace@=\muskip18
\c@parentequation=\count368
\dspbrk@lvl=\count369
\tag@help=\toks48
\row@=\count370
\column@=\count371
\maxfields@=\count372
\andhelp@=\toks49
\eqnshift@=\dimen299
\alignsep@=\dimen300
\tagshift@=\dimen301
\tagwidth@=\dimen302
\totwidth@=\dimen303
\lineht@=\dimen304
\@envbody=\toks50
\multlinegap=\skip107
\multlinetaggap=\skip108
\mathdisplay@stack=\toks51
LaTeX Info: Redefining \[ on input line 2950.
LaTeX Info: Redefining \] on input line 2951.
)
(C:\Users\admin\AppData\Local\Programs\MiKTeX\tex/latex/amscls\amsthm.sty
Package: amsthm 2020/05/29 v2.20.6
\thm@style=\toks52
\thm@bodyfont=\toks53
\thm@headfont=\toks54
\thm@notefont=\toks55
\thm@headpunct=\toks56
\thm@preskip=\skip109
\thm@postskip=\skip110
\thm@headsep=\skip111
\dth@everypar=\toks57
)
(C:\Users\admin\AppData\Local\Programs\MiKTeX\tex/latex/newtx\newtxtext.sty
Package: newtxtext 2024/04/01 v1.744(Michael Sharpe) latex and unicode latex su
pport for TeXGyreTermesX

`newtxtext' v1.744, 2024/04/01 Text macros taking advantage of TeXGyre Termes a
nd its extensions (msharpe)
(C:\Users\admin\AppData\Local\Programs\MiKTeX\tex/latex/xpatch\xpatch.sty
(C:\Users\admin\AppData\Local\Programs\MiKTeX\tex/latex/l3kernel\expl3.sty
Package: expl3 2025-12-24 L3 programming layer (loader) 

(C:\Users\admin\AppData\Local\Programs\MiKTeX\tex/latex/l3backend\l3backend-pdf
tex.def
File: l3backend-pdftex.def 2025-10-09 L3 backend support: PDF output (pdfTeX)
\l__color_backend_stack_int=\count373
))
Package: xpatch 2020/03/25 v0.3a Extending etoolbox patching commands

(C:\Users\admin\AppData\Local\Programs\MiKTeX\tex/latex/l3packages/xparse\xpars
e.sty
Package: xparse 2025-10-09 L3 Experimental document command parser
))
(C:\Users\admin\AppData\Local\Programs\MiKTeX\tex/latex/base\textcomp.sty
Package: textcomp 2024/04/24 v2.1b Standard LaTeX package
)
(C:\Users\admin\AppData\Local\Programs\MiKTeX\tex/latex/xstring\xstring.sty
(C:\Users\admin\AppData\Local\Programs\MiKTeX\tex/generic/xstring\xstring.tex
\xs_counta=\count374
\xs_countb=\count375
)
Package: xstring 2023/08/22 v1.86 String manipulations (CT)
) (C:\Users\admin\AppData\Local\Programs\MiKTeX\tex/latex/carlisle\scalefnt.sty
)
LaTeX Font Info:    Setting ntxLF sub-encoding to TS1/0 on input line 24.
LaTeX Font Info:    Setting ntxTLF sub-encoding to TS1/0 on input line 24.
LaTeX Font Info:    Setting ntxOsF sub-encoding to TS1/0 on input line 24.
LaTeX Font Info:    Setting ntxTOsF sub-encoding to TS1/0 on input line 24.
(C:\Users\admin\AppData\Local\Programs\MiKTeX\tex/generic/binhex\binhex.tex)
\ntx@tmpcnta=\count376
\ntx@cnt=\count377

(C:\Users\admin\AppData\Local\Programs\MiKTeX\tex/latex/fontaxes\fontaxes.sty
Package: fontaxes 2026-01-02 v2.0.2 Font selection axes (deprecated)
Applying: [2024-11-01] Use figureversions if present on input line 74.

(C:\Users\admin\AppData\Local\Programs\MiKTeX\tex/latex/figureversions\figureve
rsions.sty
Package: figureversions 2025-04-29 v1.0.1 Figure versions
)
Already applied: [0000-00-00] Fall back to v1 on input line 76.
)
\tx@sixem=\dimen305
\tx@y=\dimen306
\tx@x=\dimen307
\tx@tmpdima=\dimen308
\tx@tmpdimb=\dimen309
\tx@tmpdimc=\dimen310
\tx@tmpdimd=\dimen311
\tx@tmpdime=\dimen312
\tx@tmpdimf=\dimen313
\tx@dimA=\dimen314
\tx@dimAA=\dimen315
\tx@dimB=\dimen316
\tx@dimBB=\dimen317
\tx@dimC=\dimen318
LaTeX Info: Redefining \oldstylenums on input line 902.
)
(C:\Users\admin\AppData\Local\Programs\MiKTeX\tex/latex/newtx\newtxmath.sty
Package: newtxmath 2024/09/22 v1.754

`newtxmath' v1.754, 2024/09/22 Math macros based originally on txfonts (msharpe
)
(C:\Users\admin\AppData\Local\Programs\MiKTeX\tex/latex/oberdiek\centernot.sty
Package: centernot 2016/05/16 v1.4 Centers the not symbol horizontally (HO)
)
\tx@cntz=\count378
(C:\Users\admin\AppData\Local\Programs\MiKTeX\tex/generic/binhex\binhex.tex)
\tx@Isdigit=\count379
\tx@IsAlNum=\count380
\tx@tA=\toks58
\tx@tB=\toks59
\tx@su=\read4

amsthm NOT loaded
LaTeX Font Info:    Redeclaring symbol font `operators' on input line 402.
LaTeX Font Info:    Overwriting symbol font `operators' in version `normal'
(Font)                  OT1/cmr/m/n --> OT1/minntx/m/n on input line 402.
LaTeX Font Info:    Overwriting symbol font `operators' in version `bold'
(Font)                  OT1/cmr/bx/n --> OT1/minntx/m/n on input line 402.
LaTeX Font Info:    Overwriting symbol font `operators' in version `bold'
(Font)                  OT1/minntx/m/n --> OT1/minntx/b/n on input line 403.
LaTeX Font Info:    Redeclaring math alphabet \mathsf on input line 410.
LaTeX Font Info:    Overwriting math alphabet `\mathsf' in version `normal'
(Font)                  OT1/cmss/m/n --> OT1/qhv/m/n on input line 410.
LaTeX Font Info:    Overwriting math alphabet `\mathsf' in version `bold'
(Font)                  OT1/cmss/bx/n --> OT1/qhv/m/n on input line 410.
LaTeX Font Info:    Overwriting math alphabet `\mathsf' in version `bold'
(Font)                  OT1/qhv/m/n --> OT1/qhv/b/n on input line 412.
LaTeX Font Info:    Redeclaring math alphabet \mathit on input line 419.
LaTeX Font Info:    Overwriting math alphabet `\mathit' in version `normal'
(Font)                  OT1/cmr/m/it --> OT1/minntx/m/it on input line 419.
LaTeX Font Info:    Overwriting math alphabet `\mathit' in version `bold'
(Font)                  OT1/cmr/bx/it --> OT1/minntx/m/it on input line 419.
LaTeX Font Info:    Redeclaring math alphabet \mathtt on input line 420.
LaTeX Font Info:    Overwriting math alphabet `\mathtt' in version `normal'
(Font)                  OT1/cmtt/m/n --> T1/ntxtt/m/n on input line 420.
LaTeX Font Info:    Overwriting math alphabet `\mathtt' in version `bold'
(Font)                  OT1/cmtt/m/n --> T1/ntxtt/m/n on input line 420.
LaTeX Font Info:    Redeclaring math alphabet \mathbf on input line 422.
LaTeX Font Info:    Overwriting math alphabet `\mathbf' in version `normal'
(Font)                  OT1/cmr/bx/n --> OT1/minntx/b/n on input line 422.
LaTeX Font Info:    Overwriting math alphabet `\mathbf' in version `bold'
(Font)                  OT1/cmr/bx/n --> OT1/minntx/b/n on input line 422.
LaTeX Font Info:    Overwriting math alphabet `\mathit' in version `bold'
(Font)                  OT1/minntx/m/it --> OT1/minntx/b/it on input line 423.
LaTeX Font Info:    Overwriting math alphabet `\mathtt' in version `bold'
(Font)                  T1/ntxtt/m/n --> T1/ntxtt/b/n on input line 426.
LaTeX Font Info:    Redeclaring symbol font `letters' on input line 534.
LaTeX Font Info:    Overwriting symbol font `letters' in version `normal'
(Font)                  OML/cmm/m/it --> OML/ntxmi/m/it on input line 534.
LaTeX Font Info:    Overwriting symbol font `letters' in version `bold'
(Font)                  OML/cmm/b/it --> OML/ntxmi/m/it on input line 534.
LaTeX Font Info:    Overwriting symbol font `letters' in version `bold'
(Font)                  OML/ntxmi/m/it --> OML/ntxmi/b/it on input line 535.
\symlettersA=\mathgroup4
LaTeX Font Info:    Overwriting symbol font `lettersA' in version `bold'
(Font)                  U/ntxmia/m/it --> U/ntxmia/b/it on input line 582.
Now handling font encoding LMS ...
... no UTF-8 mapping file for font encoding LMS
LaTeX Font Info:    Redeclaring symbol font `symbols' on input line 604.
LaTeX Font Info:    Encoding `OMS' has changed to `LMS' for symbol font
(Font)              `symbols' in the math version `normal' on input line 604.
LaTeX Font Info:    Overwriting symbol font `symbols' in version `normal'
(Font)                  OMS/cmsy/m/n --> LMS/ntxsy/m/n on input line 604.
LaTeX Font Info:    Encoding `OMS' has changed to `LMS' for symbol font
(Font)              `symbols' in the math version `bold' on input line 604.
LaTeX Font Info:    Overwriting symbol font `symbols' in version `bold'
(Font)                  OMS/cmsy/b/n --> LMS/ntxsy/m/n on input line 604.
LaTeX Font Info:    Overwriting symbol font `symbols' in version `bold'
(Font)                  LMS/ntxsy/m/n --> LMS/ntxsy/b/n on input line 605.
\symAMSm=\mathgroup5
LaTeX Font Info:    Overwriting symbol font `AMSm' in version `bold'
(Font)                  U/ntxsym/m/n --> U/ntxsym/b/n on input line 630.
\symsymbolsC=\mathgroup6
LaTeX Font Info:    Overwriting symbol font `symbolsC' in version `bold'
(Font)                  U/ntxsyc/m/n --> U/ntxsyc/b/n on input line 651.
Now handling font encoding LMX ...
... no UTF-8 mapping file for font encoding LMX
LaTeX Font Info:    Redeclaring symbol font `largesymbols' on input line 664.
LaTeX Font Info:    Encoding `OMX' has changed to `LMX' for symbol font
(Font)              `largesymbols' in the math version `normal' on input line 6
64.
LaTeX Font Info:    Overwriting symbol font `largesymbols' in version `normal'
(Font)                  OMX/cmex/m/n --> LMX/ntxexx/m/n on input line 664.
LaTeX Font Info:    Encoding `OMX' has changed to `LMX' for symbol font
(Font)              `largesymbols' in the math version `bold' on input line 664
.
LaTeX Font Info:    Overwriting symbol font `largesymbols' in version `bold'
(Font)                  OMX/cmex/m/n --> LMX/ntxexx/m/n on input line 664.
LaTeX Font Info:    Overwriting symbol font `largesymbols' in version `bold'
(Font)                  LMX/ntxexx/m/n --> LMX/ntxexx/b/n on input line 665.
\symlargesymbolsTXA=\mathgroup7
LaTeX Font Info:    Overwriting symbol font `largesymbolsTXA' in version `bold'

(Font)                  U/ntxexa/m/n --> U/ntxexa/b/n on input line 679.
\tx@sbptoks=\toks60
LaTeX Font Info:    Redeclaring math delimiter \lfloor on input line 902.
LaTeX Font Info:    Redeclaring math delimiter \rfloor on input line 903.
LaTeX Font Info:    Redeclaring math delimiter \lceil on input line 904.
LaTeX Font Info:    Redeclaring math delimiter \rceil on input line 905.
LaTeX Font Info:    Redeclaring math delimiter \lbrace on input line 910.
LaTeX Font Info:    Redeclaring math delimiter \rbrace on input line 911.
LaTeX Font Info:    Redeclaring math delimiter \langle on input line 913.
LaTeX Font Info:    Redeclaring math delimiter \rangle on input line 915.
LaTeX Font Info:    Redeclaring math delimiter \arrowvert on input line 919.
LaTeX Font Info:    Redeclaring math delimiter \vert on input line 920.
LaTeX Font Info:    Redeclaring math symbol \hbar on input line 966.
LaTeX Font Info:    Redeclaring math accent \dot on input line 991.
LaTeX Font Info:    Redeclaring math accent \ddot on input line 992.
LaTeX Font Info:    Redeclaring math accent \vec on input line 2057.
LaTeX Info: Redefining \Bbbk on input line 2847.
LaTeX Info: Redefining \not on input line 2995.
LaTeX Info: Redefining \textsquare on input line 3025.
LaTeX Info: Redefining \openbox on input line 3027.
) (C:\Users\admin\AppData\Local\Programs\MiKTeX\tex/latex/geometry\geometry.sty
Package: geometry 2026/03/07 v6.0 Page Geometry
(C:\Users\admin\AppData\Local\Programs\MiKTeX\tex/generic/iftex\ifvtex.sty
Package: ifvtex 2019/10/25 v1.7 ifvtex legacy package. Use iftex instead.
)
\Gm@cnth=\count381
\Gm@cntv=\count382
\c@Gm@tempcnt=\count383
\Gm@bindingoffset=\dimen319
\Gm@wd@mp=\dimen320
\Gm@odd@mp=\dimen321
\Gm@even@mp=\dimen322
\Gm@layoutwidth=\dimen323
\Gm@layoutheight=\dimen324
\Gm@layouthoffset=\dimen325
\Gm@layoutvoffset=\dimen326
\Gm@dimlist=\toks61

(C:\Users\admin\AppData\Local\Programs\MiKTeX\tex/latex/geometry\geometry.cfg))

(C:\Users\admin\AppData\Local\Programs\MiKTeX\tex/latex/microtype\microtype.sty
Package: microtype 2026/03/01 v3.2d Micro-typographical refinements (RS)
\MT@toks=\toks62
\MT@tempbox=\box88
\MT@count=\count384
LaTeX Info: Redefining \noprotrusionifhmode on input line 1084.
LaTeX Info: Redefining \leftprotrusion on input line 1085.
\MT@prot@toks=\toks63
LaTeX Info: Redefining \rightprotrusion on input line 1104.
LaTeX Info: Redefining \textls on input line 1449.
\MT@outer@kern=\dimen327
LaTeX Info: Redefining \microtypecontext on input line 2053.
LaTeX Info: Redefining \textmicrotypecontext on input line 2070.
\MT@listname@count=\count385

(C:\Users\admin\AppData\Local\Programs\MiKTeX\tex/latex/microtype\microtype-pdf
tex.def
File: microtype-pdftex.def 2026/03/01 v3.2d Definitions specific to pdftex (RS)

LaTeX Info: Redefining \lsstyle on input line 944.
LaTeX Info: Redefining \lslig on input line 944.
\MT@outer@space=\skip112
)
Package microtype Info: Loading configuration file microtype.cfg.

(C:\Users\admin\AppData\Local\Programs\MiKTeX\tex/latex/microtype\microtype.cfg
File: microtype.cfg 2026/03/01 v3.2d microtype main configuration file (RS)
)
LaTeX Info: Redefining \microtypesetup on input line 3065.
)
(C:\Users\admin\AppData\Local\Programs\MiKTeX\tex/latex/makecell\makecell.sty
Package: makecell 2009/08/03 V0.1e Managing of Tab Column Heads and Cells
\rotheadsize=\dimen328
\c@nlinenum=\count386
\TeXr@lab=\toks64
)
(C:\Users\admin\AppData\Local\Programs\MiKTeX\tex/latex/multirow\multirow.sty
Package: multirow 2024/11/12 v2.9 Span multiple rows of a table
\multirow@colwidth=\skip113
\multirow@cntb=\count387
\multirow@dima=\skip114
\bigstrutjot=\dimen329
)
(C:\Users\admin\AppData\Local\Programs\MiKTeX\tex/latex/titlesec\titlesec.sty
Package: titlesec 2025/01/04 v2.17 Sectioning titles
\ttl@box=\box89
\beforetitleunit=\skip115
\aftertitleunit=\skip116
\ttl@plus=\dimen330
\ttl@minus=\dimen331
\ttl@toksa=\toks65
\titlewidth=\dimen332
\titlewidthlast=\dimen333
\titlewidthfirst=\dimen334
)
\c@definition=\count388

(C:\Users\admin\AppData\Local\Programs\MiKTeX\tex/latex/graphics\rotating.sty
Package: rotating 2025/01/14 v2.16e rotated objects in LaTeX
\c@r@tfl@t=\count389
\rotFPtop=\skip117
\rotFPbot=\skip118
\rot@float@box=\box90
\rot@mess@toks=\toks66
)
(C:\Users\admin\AppData\Local\Programs\MiKTeX\tex/latex/pdflscape\pdflscape.sty
Package: pdflscape 2022-10-27 v0.13 Display of landscape pages in PDF

(C:\Users\admin\AppData\Local\Programs\MiKTeX\tex/latex/pdflscape\pdflscape-nom
etadata.sty
Package: pdflscape-nometadata 2022-10-28 v0.13 Display of landscape pages in PD
F (HO)

(C:\Users\admin\AppData\Local\Programs\MiKTeX\tex/latex/graphics\lscape.sty
Package: lscape 2020/05/28 v3.02 Landscape Pages (DPC)
)
Package pdflscape Info: Auto-detected driver: pdftex on input line 81.
))
(C:\Users\admin\AppData\Local\Programs\MiKTeX\tex/latex/tools\xspace.sty
Package: xspace 2014/10/28 v1.13 Space after command names (DPC,MH)
)
(C:\Users\admin\AppData\Local\Programs\MiKTeX\tex/latex/wrapfig\wrapfig.sty
\wrapoverhang=\dimen335
\WF@size=\dimen336
\c@WF@wrappedlines=\count390
\WF@box=\box91
\WF@everypar=\toks67
Package: wrapfig 2003/01/31  v 3.6
)
(C:\Users\admin\AppData\Local\Programs\MiKTeX\tex/latex/natbib\natbib.sty
Package: natbib 2010/09/13 8.31b (PWD, AO)
\bibhang=\skip119
\bibsep=\skip120
LaTeX Info: Redefining \cite on input line 694.
\c@NAT@ctr=\count391
)
(C:\Users\admin\AppData\Local\Programs\MiKTeX\tex/latex/hyperref\hyperref.sty
Package: hyperref 2025-07-12 v7.01o Hypertext links for LaTeX

(C:\Users\admin\AppData\Local\Programs\MiKTeX\tex/latex/kvsetkeys\kvsetkeys.sty
Package: kvsetkeys 2022-10-05 v1.19 Key value parser (HO)
)
(C:\Users\admin\AppData\Local\Programs\MiKTeX\tex/generic/kvdefinekeys\kvdefine
keys.sty
Package: kvdefinekeys 2019-12-19 v1.6 Define keys (HO)
)
(C:\Users\admin\AppData\Local\Programs\MiKTeX\tex/generic/pdfescape\pdfescape.s
ty
Package: pdfescape 2019/12/09 v1.15 Implements pdfTeX's escape features (HO)
) (C:\Users\admin\AppData\Local\Programs\MiKTeX\tex/latex/hycolor\hycolor.sty
Package: hycolor 2020-01-27 v1.10 Color options for hyperref/bookmark (HO)
) (C:\Users\admin\AppData\Local\Programs\MiKTeX\tex/latex/hyperref\nameref.sty
Package: nameref 2025-06-21 v2.57 Cross-referencing by name of section

(C:\Users\admin\AppData\Local\Programs\MiKTeX\tex/latex/refcount\refcount.sty
Package: refcount 2019/12/15 v3.6 Data extraction from label references (HO)
)
(C:\Users\admin\AppData\Local\Programs\MiKTeX\tex/generic/gettitlestring\gettit
lestring.sty
Package: gettitlestring 2019/12/15 v1.6 Cleanup title references (HO)

(C:\Users\admin\AppData\Local\Programs\MiKTeX\tex/latex/kvoptions\kvoptions.sty
Package: kvoptions 2022-06-15 v3.15 Key value format for package options (HO)
))
\c@section@level=\count392
)
(C:\Users\admin\AppData\Local\Programs\MiKTeX\tex/generic/stringenc\stringenc.s
ty
Package: stringenc 2019/11/29 v1.12 Convert strings between diff. encodings (HO
)
)
\@linkdim=\dimen337
\Hy@linkcounter=\count393
\Hy@pagecounter=\count394
 (C:\Users\admin\AppData\Local\Programs\MiKTeX\tex/latex/hyperref\pd1enc.def
File: pd1enc.def 2025-07-12 v7.01o Hyperref: PDFDocEncoding definition (HO)
Now handling font encoding PD1 ...
... no UTF-8 mapping file for font encoding PD1
) (C:\Users\admin\AppData\Local\Programs\MiKTeX\tex/generic/intcalc\intcalc.sty
Package: intcalc 2019/12/15 v1.3 Expandable calculations with integers (HO)
)
\Hy@SavedSpaceFactor=\count395
 (C:\Users\admin\AppData\Local\Programs\MiKTeX\tex/latex/hyperref\puenc.def
File: puenc.def 2025-07-12 v7.01o Hyperref: PDF Unicode definition (HO)
Now handling font encoding PU ...
... no UTF-8 mapping file for font encoding PU
)
Package hyperref Info: Option `hypertexnames' set `false' on input line 4066.
Package hyperref Info: Hyper figures OFF on input line 4195.
Package hyperref Info: Link nesting OFF on input line 4200.
Package hyperref Info: Hyper index ON on input line 4203.
Package hyperref Info: Plain pages OFF on input line 4210.
Package hyperref Info: Backreferencing OFF on input line 4215.
Package hyperref Info: Implicit mode ON; LaTeX internals redefined.
Package hyperref Info: Bookmarks ON on input line 4462.
\c@Hy@tempcnt=\count396
LaTeX Info: Redefining \url on input line 4801.
\XeTeXLinkMargin=\dimen338

(C:\Users\admin\AppData\Local\Programs\MiKTeX\tex/generic/bitset\bitset.sty
Package: bitset 2019/12/09 v1.3 Handle bit-vector datatype (HO)

(C:\Users\admin\AppData\Local\Programs\MiKTeX\tex/generic/bigintcalc\bigintcalc
.sty
Package: bigintcalc 2019/12/15 v1.5 Expandable calculations on big integers (HO
)
))
\Fld@menulength=\count397
\Field@Width=\dimen339
\Fld@charsize=\dimen340
Package hyperref Info: Hyper figures OFF on input line 6078.
Package hyperref Info: Link nesting OFF on input line 6083.
Package hyperref Info: Hyper index ON on input line 6086.
Package hyperref Info: backreferencing OFF on input line 6093.
Package hyperref Info: Link coloring OFF on input line 6098.
Package hyperref Info: Link coloring with OCG OFF on input line 6103.
Package hyperref Info: PDF/A mode OFF on input line 6108.
\Hy@abspage=\count398
\c@Item=\count399
\c@Hfootnote=\count400
)
Package hyperref Info: Driver (autodetected): hpdftex.

(C:\Users\admin\AppData\Local\Programs\MiKTeX\tex/latex/hyperref\hpdftex.def
File: hpdftex.def 2025-07-12 v7.01o Hyperref driver for pdfTeX
\Fld@listcount=\count401
\c@bookmark@seq@number=\count402

(C:\Users\admin\AppData\Local\Programs\MiKTeX\tex/latex/rerunfilecheck\rerunfil
echeck.sty
Package: rerunfilecheck 2025-06-21 v1.11 Rerun checks for auxiliary files (HO)

(C:\Users\admin\AppData\Local\Programs\MiKTeX\tex/generic/uniquecounter\uniquec
ounter.sty
Package: uniquecounter 2019/12/15 v1.4 Provide unlimited unique counter (HO)
)
Package uniquecounter Info: New unique counter `rerunfilecheck' on input line 2
84.
)
\Hy@SectionHShift=\skip121
)
Package hyperref Info: Option `colorlinks' set `true' on input line 67.

(C:\Users\admin\AppData\Local\Programs\MiKTeX\tex/latex/caption\subcaption.sty
Package: subcaption 2023/07/28 v1.6b Sub-captions (AR)

(C:\Users\admin\AppData\Local\Programs\MiKTeX\tex/latex/caption\caption.sty
Package: caption 2023/08/05 v3.6o Customizing captions (AR)

(C:\Users\admin\AppData\Local\Programs\MiKTeX\tex/latex/caption\caption3.sty
Package: caption3 2023/07/31 v2.4d caption3 kernel (AR)
\caption@tempdima=\dimen341
\captionmargin=\dimen342
\caption@leftmargin=\dimen343
\caption@rightmargin=\dimen344
\caption@width=\dimen345
\caption@indent=\dimen346
\caption@parindent=\dimen347
\caption@hangindent=\dimen348
Package caption Info: Standard document class detected.
)
\c@caption@flags=\count403
\c@continuedfloat=\count404
Package caption Info: float package is loaded.
Package caption Info: hyperref package is loaded.
Package caption Info: listings package is loaded.
Package caption Info: longtable package is loaded.

(C:\Users\admin\AppData\Local\Programs\MiKTeX\tex/latex/caption\ltcaption.sty
Package: ltcaption 2021/01/08 v1.4c longtable captions (AR)
)
Package caption Info: rotating package is loaded.
Package caption Info: wrapfig package is loaded.
)
Package caption Info: New subtype `subfigure' on input line 238.
\c@subfigure=\count405
Package caption Info: New subtype `subtable' on input line 238.
\c@subtable=\count406
)
(C:\Users\admin\AppData\Local\Programs\MiKTeX\tex/latex/tablefootnote\tablefoot
note.sty
Package: tablefootnote 2014/01/26 v1.1c Table foot notes (HMM)

(C:\Users\admin\AppData\Local\Programs\MiKTeX\tex/latex/letltxmacro\letltxmacro
.sty
Package: letltxmacro 2019/12/03 v1.6 Let assignment for LaTeX macros (HO)
)
(C:\Users\admin\AppData\Local\Programs\MiKTeX\tex/latex/xifthen\xifthen.sty
Package: xifthen 2015/11/05 v1.4.0 Extended ifthen features

(C:\Users\admin\AppData\Local\Programs\MiKTeX\tex/latex/ifmtarg\ifmtarg.sty
Package: ifmtarg 2018/04/16 v1.2b check for an empty argument
)))
(C:\Users\admin\AppData\Local\Programs\MiKTeX\tex/latex/glossaries/base\glossar
ies.sty
Package: glossaries 2026/04/21 v5.1 (NLCT)

(C:\Users\admin\AppData\Local\Programs\MiKTeX\tex/latex/mfirstuc\mfirstuc.sty
Package: mfirstuc 2025/04/03 v2.09 (NLCT)
\@glsmfirst=\toks68
\@glsmrest=\toks69
)
(C:\Users\admin\AppData\Local\Programs\MiKTeX\tex/latex/xfor\xfor.sty
Package: xfor 2009/02/05 v1.05 (NLCT)
)
(C:\Users\admin\AppData\Local\Programs\MiKTeX\tex/latex/tracklang\tracklang.sty
Package: tracklang 2025/03/11 v1.6.6 (NLCT) Track Languages

(C:\Users\admin\AppData\Local\Programs\MiKTeX\tex/generic/tracklang\tracklang.t
ex)
Package tracklang Info: Tracking dialect `english' (language `english') on inpu
t line 264.
Package tracklang Info: Tracking dialect `english' (language `english') on inpu
t line 264.
)
(C:\Users\admin\AppData\Local\Programs\MiKTeX\tex/latex/translator\translator.s
ty
Package: translator 2021-05-31 v1.12d Easy translation of strings in LaTeX
)
(C:\Users\admin\AppData\Local\Programs\MiKTeX\tex/latex/glossaries-english\glos
saries-english.ldf
File: glossaries-english.ldf 2014/11/23 v1.0
)
(C:\Users\admin\AppData\Local\Programs\MiKTeX\tex/latex/datatool\datatool-base.
sty
Package: datatool-base 2025/12/04 v3.4.3 (NLCT)
\l__datatool_tmpa_int=\count407
\l__datatool_tmpb_int=\count408
\l__datatool_tmpc_int=\count409
\l__datatool_tmpd_int=\count410
\l__datatool_count_int=\count411
\l__datatool_tmp_datatype_int=\count412
\l__datatool_tmpa_dim=\dimen349
\l__datatool_tmpb_dim=\dimen350

(C:\Users\admin\AppData\Local\Programs\MiKTeX\tex/latex/datatool\datatool-l3fp.
def
File: datatool-l3fp.def 2025/12/04 v3.4.3 (NLCT)
)
\@dtl@toks=\toks70
\@dtl@tmpcount=\count413
\dtl@tmplength=\skip122
\l__datatool_measure_box=\box92
\dtl@sortresult=\count414

(C:\Users\admin\AppData\Local\Programs\MiKTeX\tex/latex/datatool\datatool-utf8.
ldf
File: datatool-utf8.ldf 2025/12/04 v3.4.3 (NLCT)
)
\@dtl@datatype=\count415
\c_datatool_unknown_int=\count416
\l__datatool_year_int=\count417
\l__datatool_month_int=\count418
\l__datatool_day_int=\count419
\l__datatool_hour_int=\count420
\l__datatool_minute_int=\count421
\l__datatool_second_int=\count422
\l__datatool_tzhour_int=\count423
\l__datatool_tzminute_int=\count424
\l__datatool_julian_int=\count425
\l__datatool_local_julian_int=\count426
\l__datatool_prefix_int=\count427
\l__datatool_suffix_int=\count428
\@dtl@foreach@level=\count429


Package tracklang Warning: No `datatool' support for dialect `english'  on inpu
t line 9924.

\dtl@codeA=\count430
\dtl@codeB=\count431
)
\gls@level=\count432
\@gls@tmpb=\toks71
\gls@tmplen=\skip123
\l__glossaries_tmpa_dim=\dimen351
\l__glossaries_tmpb_dim=\dimen352
\glskeylisttok=\toks72
\glslabeltok=\toks73
\glsshorttok=\toks74
\glslongtok=\toks75

(C:\Users\admin\AppData\Local\Programs\MiKTeX\tex/latex/glossaries/styles\gloss
ary-hypernav.sty
Package: glossary-hypernav 2026/04/21 v5.1 (NLCT)
)
(C:\Users\admin\AppData\Local\Programs\MiKTeX\tex/latex/glossaries/styles\gloss
ary-list.sty
Package: glossary-list 2026/04/21 v5.1 (NLCT)
\glslistdottedwidth=\skip124
)
(C:\Users\admin\AppData\Local\Programs\MiKTeX\tex/latex/glossaries/styles\gloss
ary-long.sty
Package: glossary-long 2026/04/21 v5.1 (NLCT)
\glsdescwidth=\skip125
\glspagelistwidth=\skip126
)
(C:\Users\admin\AppData\Local\Programs\MiKTeX\tex/latex/glossaries/styles\gloss
ary-super.sty
Package: glossary-super 2026/04/21 v5.1 (NLCT)

(C:\Users\admin\AppData\Local\Programs\MiKTeX\tex/latex/supertabular\supertabul
ar.sty
Package: supertabular 2025/06/26 v4.2d the supertabular environment
\c@tracingst=\count433
\ST@wd=\dimen353
\ST@rightskip=\skip127
\ST@leftskip=\skip128
\ST@parfillskip=\skip129
\ST@pageleft=\dimen354
\ST@headht=\dimen355
\ST@tailht=\dimen356
\ST@pagesofar=\dimen357
\ST@pboxht=\dimen358
\ST@rowht=\dimen359
\ST@prevht=\dimen360
\ST@toadd=\dimen361
\ST@dimen=\dimen362
\ST@pbox=\box93
))
(C:\Users\admin\AppData\Local\Programs\MiKTeX\tex/latex/glossaries/styles\gloss
ary-tree.sty
Package: glossary-tree 2026/04/21 v5.1 (NLCT)
\l__glossaries_tree_max_known_level_int=\count434
\l__glossaries_tree_offset_dim=\dimen363
\l__glossaries_tree_namewidth_dim=\dimen364
\l__glossaries_tree_symbolwidth_dim=\dimen365
\l__glossaries_tree_prenamesym_width_dim=\dimen366
\l__glossaries_tree_presubnamesym_width_dim=\dimen367
\l__glossaries_tree_namewidth_padding_dim=\dimen368
\l__glossaries_tree_symbolwidth_padding_dim=\dimen369
\l__glossaries_tree_namesymbolwidth_dim=\dimen370
\l__glossaries_tree_namesymbolwidth_padding_dim=\dimen371
\l__glossaries_tree_level_int=\count435
\glstreeindent=\skip130
))
LaTeX Font Info:    Trying to load font information for T1+ntxtlf on input line
 84.

(C:\Users\admin\AppData\Local\Programs\MiKTeX\tex/latex/newtx\t1ntxtlf.fd
File: t1ntxtlf.fd 2021/05/24 v1.1 font definition file for T1/ntx/tlf
)
LaTeX Font Info:    Font shape `T1/ntxtlf/m/n' will be
(Font)              scaled to size 10.95pt on input line 84.

(main.aux (Chapters/remerciements.aux) (Chapters/acronymes.aux)
(Chapters/introduction.aux) (Chapters/chapitre1.aux) (Chapters/chapitre2.aux)
(Chapters/chapitre3.aux) (Chapters/conclusions.aux) (Chapters/resume.aux))
\openout1 = `main.aux'.

LaTeX Font Info:    Checking defaults for OML/ntxmi/m/it on input line 84.
LaTeX Font Info:    Trying to load font information for OML+ntxmi on input line
 84.

(C:\Users\admin\AppData\Local\Programs\MiKTeX\tex/latex/newtx\omlntxmi.fd
File: omlntxmi.fd 2015/08/25 Fontinst v1.933 font definitions for OML/ntxmi.
)
LaTeX Font Info:    ... okay on input line 84.
LaTeX Font Info:    Checking defaults for OMS/cmsy/m/n on input line 84.
LaTeX Font Info:    ... okay on input line 84.
LaTeX Font Info:    Checking defaults for OT1/cmr/m/n on input line 84.
LaTeX Font Info:    ... okay on input line 84.
LaTeX Font Info:    Checking defaults for T1/cmr/m/n on input line 84.
LaTeX Font Info:    ... okay on input line 84.
LaTeX Font Info:    Checking defaults for TS1/cmr/m/n on input line 84.
LaTeX Font Info:    ... okay on input line 84.
LaTeX Font Info:    Checking defaults for OMX/cmex/m/n on input line 84.
LaTeX Font Info:    ... okay on input line 84.
LaTeX Font Info:    Checking defaults for U/ntxexa/m/n on input line 84.
LaTeX Font Info:    Trying to load font information for U+ntxexa on input line 
84.

(C:\Users\admin\AppData\Local\Programs\MiKTeX\tex/latex/newtx\untxexa.fd
File: untxexa.fd 2012/04/16 Fontinst v1.933 font definitions for U/ntxexa.
)
LaTeX Font Info:    ... okay on input line 84.
LaTeX Font Info:    Checking defaults for LMS/ntxsy/m/n on input line 84.
LaTeX Font Info:    Trying to load font information for LMS+ntxsy on input line
 84.

(C:\Users\admin\AppData\Local\Programs\MiKTeX\tex/latex/newtx\lmsntxsy.fd
File: lmsntxsy.fd 2016/07/02 Fontinst v1.933 font definitions for LMS/ntxsy.
)
LaTeX Font Info:    ... okay on input line 84.
LaTeX Font Info:    Checking defaults for LMX/ntxexx/m/n on input line 84.
LaTeX Font Info:    Trying to load font information for LMX+ntxexx on input lin
e 84.

(C:\Users\admin\AppData\Local\Programs\MiKTeX\tex/latex/newtx\lmxntxexx.fd
File: lmxntxexx.fd 2016/07/03 Fontinst v1.933 font definitions for LMX/ntxexx.
)
LaTeX Font Info:    ... okay on input line 84.
LaTeX Font Info:    Checking defaults for PD1/pdf/m/n on input line 84.
LaTeX Font Info:    ... okay on input line 84.
LaTeX Font Info:    Checking defaults for PU/pdf/m/n on input line 84.
LaTeX Font Info:    ... okay on input line 84.

(C:\Users\admin\AppData\Local\Programs\MiKTeX\tex/context/base/mkii\supp-pdf.mk
ii
[Loading MPS to PDF converter (version 2006.09.02).]
\scratchcounter=\count436
\scratchdimen=\dimen372
\scratchbox=\box94
\nofMPsegments=\count437
\nofMParguments=\count438
\everyMPshowfont=\toks76
\MPscratchCnt=\count439
\MPscratchDim=\dimen373
\MPnumerator=\count440
\makeMPintoPDFobject=\count441
\everyMPtoPDFconversion=\toks77
)
(C:\Users\admin\AppData\Local\Programs\MiKTeX\tex/latex/epstopdf-pkg\epstopdf-b
ase.sty
Package: epstopdf-base 2020-01-24 v2.11 Base part for package epstopdf
Package epstopdf-base Info: Redefining graphics rule for `.eps' on input line 4
85.

(C:\Users\admin\AppData\Local\Programs\MiKTeX\tex/latex/00miktex\epstopdf-sys.c
fg
File: epstopdf-sys.cfg 2021/03/18 v2.0 Configuration of epstopdf for MiKTeX
))
\c@lstlisting=\count442

(C:\Users\admin\AppData\Local\Programs\MiKTeX\tex/latex/translations/dicts\tran
slations-basic-dictionary-english.trsl
File: translations-basic-dictionary-english.trsl (english translation file `tra
nslations-basic-dictionary')
)
Package translations Info: loading dictionary `translations-basic-dictionary' f
or `english'. on input line 84.
LaTeX Info: Command `\dddot' is already robust on input line 84.
LaTeX Info: Command `\ddddot' is already robust on input line 84.
\c@mv@tabular=\count443
\c@mv@boldtabular=\count444

*geometry* driver: auto-detecting
*geometry* detected driver: pdftex
*geometry* verbose mode - [ preamble ] result:
* driver: pdftex
* paper: <default>
* layout: <same size as paper>
* layoutoffset:(h,v)=(0.0pt,0.0pt)
* modes: 
* h-part:(L,W,R)=(56.9055pt, 500.484pt, 56.9055pt)
* v-part:(T,H,B)=(56.9055pt, 681.15898pt, 56.9055pt)
* \paperwidth=614.295pt
* \paperheight=794.96999pt
* \textwidth=500.484pt
* \textheight=681.15898pt
* \oddsidemargin=-15.36449pt
* \evensidemargin=-15.36449pt
* \topmargin=-52.36449pt
* \headheight=12.0pt
* \headsep=25.0pt
* \topskip=11.0pt
* \footskip=30.0pt
* \marginparwidth=59.0pt
* \marginparsep=10.0pt
* \columnsep=10.0pt
* \skip\footins=10.0pt plus 4.0pt minus 2.0pt
* \hoffset=0.0pt
* \voffset=0.0pt
* \mag=1000
* \@twocolumnfalse
* \@twosidefalse
* \@mparswitchfalse
* \@reversemarginfalse
* (1in=72.27pt=25.4mm, 1cm=28.453pt)

LaTeX Info: Redefining \microtypecontext on input line 84.
Package microtype Info: Applying patch `item' on input line 84.
Package microtype Info: Applying patch `toc' on input line 84.
Package microtype Info: Applying patch `eqnum' on input line 84.
Package microtype Info: Applying patch `footnote' on input line 84.
Package microtype Info: Applying patch `verbatim' on input line 84.
LaTeX Info: Redefining \microtypesetup on input line 84.
Package microtype Info: Generating PDF output.
Package microtype Info: Character protrusion enabled (level 2).
Package microtype Info: Using default protrusion set `alltext'.
Package microtype Info: Automatic font expansion enabled (level 2),
(microtype)             stretch: 20, shrink: 20, step: 1, non-selected.
Package microtype Info: Using default expansion set `alltext-nott'.
Package microtype Info: Patching command `\showhyphens'.
Package microtype Info: No adjustment of tracking.
Package microtype Info: No adjustment of interword spacing.
Package microtype Info: No adjustment of character kerning.
(C:\Users\admin\AppData\Local\Programs\MiKTeX\tex/latex/microtype\mt-ptm.cfg
File: mt-ptm.cfg 2006/04/20 v1.7 microtype config. file: Times (RS)
)
Package hyperref Info: Link coloring ON on input line 84.

(main.out) (main.out)
\@outlinefile=\write4
\openout4 = `main.out'.

Package caption Info: Begin \AtBeginDocument code.
Package caption Info: supertabular package is loaded.
Package caption Info: End \AtBeginDocument code.
LaTeX Font Info:    Trying to load font information for OT1+minntx on input lin
e 92.

(C:\Users\admin\AppData\Local\Programs\MiKTeX\tex/latex/newtx\ot1minntx.fd
File: ot1minntx.fd 2023/09/09 v1.1 font definition file for OT1/minntx
)
LaTeX Font Info:    Font shape `OT1/minntx/m/n' will be
(Font)              scaled to size 10.95pt on input line 92.
Package microtype Info: Loading generic protrusion settings for font family
(microtype)             `minntx' (encoding: OT1).
(microtype)             For optimal results, create family-specific settings.
(microtype)             See the microtype manual for details.
LaTeX Font Info:    Font shape `OT1/minntx/m/n' will be
(Font)              scaled to size 8.0pt on input line 92.
LaTeX Font Info:    Font shape `OT1/minntx/m/n' will be
(Font)              scaled to size 6.1pt on input line 92.
LaTeX Font Info:    Font shape `OML/ntxmi/m/it' will be
(Font)              scaled to size 10.95pt on input line 92.
LaTeX Font Info:    Font shape `OML/ntxmi/m/it' will be
(Font)              scaled to size 8.0pt on input line 92.
LaTeX Font Info:    Font shape `OML/ntxmi/m/it' will be
(Font)              scaled to size 6.1pt on input line 92.
LaTeX Font Info:    Font shape `LMS/ntxsy/m/n' will be
(Font)              scaled to size 10.95pt on input line 92.
LaTeX Font Info:    Font shape `LMS/ntxsy/m/n' will be
(Font)              scaled to size 8.0pt on input line 92.
LaTeX Font Info:    Font shape `LMS/ntxsy/m/n' will be
(Font)              scaled to size 6.1pt on input line 92.
LaTeX Font Info:    Font shape `LMX/ntxexx/m/n' will be
(Font)              scaled to size 10.95pt on input line 92.
LaTeX Font Info:    Font shape `LMX/ntxexx/m/n' will be
(Font)              scaled to size 8.0pt on input line 92.
LaTeX Font Info:    Font shape `LMX/ntxexx/m/n' will be
(Font)              scaled to size 6.1pt on input line 92.
LaTeX Font Info:    Trying to load font information for U+ntxmia on input line 
92.

(C:\Users\admin\AppData\Local\Programs\MiKTeX\tex/latex/newtx\untxmia.fd
File: untxmia.fd 2024/04/09 Fontinst v1.933 font definitions for U/ntxmia.
)
LaTeX Font Info:    Font shape `U/ntxmia/m/it' will be
(Font)              scaled to size 10.95pt on input line 92.
LaTeX Font Info:    Font shape `U/ntxmia/m/it' will be
(Font)              scaled to size 8.0pt on input line 92.
LaTeX Font Info:    Font shape `U/ntxmia/m/it' will be
(Font)              scaled to size 6.1pt on input line 92.
LaTeX Font Info:    Trying to load font information for U+ntxsym on input line 
92.

(C:\Users\admin\AppData\Local\Programs\MiKTeX\tex/latex/newtx\untxsym.fd
File: untxsym.fd 2023/08/16 Fontinst v1.933 font definitions for U/ntxsym.
)
LaTeX Font Info:    Font shape `U/ntxsym/m/n' will be
(Font)              scaled to size 10.95pt on input line 92.
LaTeX Font Info:    Font shape `U/ntxsym/m/n' will be
(Font)              scaled to size 8.0pt on input line 92.
LaTeX Font Info:    Font shape `U/ntxsym/m/n' will be
(Font)              scaled to size 6.1pt on input line 92.
LaTeX Font Info:    Trying to load font information for U+ntxsyc on input line 
92.

(C:\Users\admin\AppData\Local\Programs\MiKTeX\tex/latex/newtx\untxsyc.fd
File: untxsyc.fd 2012/04/12 Fontinst v1.933 font definitions for U/ntxsyc.
)
LaTeX Font Info:    Font shape `U/ntxsyc/m/n' will be
(Font)              scaled to size 10.95pt on input line 92.
LaTeX Font Info:    Font shape `U/ntxsyc/m/n' will be
(Font)              scaled to size 8.0pt on input line 92.
LaTeX Font Info:    Font shape `U/ntxsyc/m/n' will be
(Font)              scaled to size 6.1pt on input line 92.
LaTeX Font Info:    Font shape `U/ntxexa/m/n' will be
(Font)              scaled to size 10.95pt on input line 92.
LaTeX Font Info:    Font shape `U/ntxexa/m/n' will be
(Font)              scaled to size 8.0pt on input line 92.
LaTeX Font Info:    Font shape `U/ntxexa/m/n' will be
(Font)              scaled to size 6.1pt on input line 92.
<figures/huawei.png, id=746, 295.1025pt x 224.33812pt>
File: figures/huawei.png Graphic file (type png)
<use figures/huawei.png>
Package pdftex.def Info: figures/huawei.png  used on input line 95.
(pdftex.def)             Requested size: 59.01944pt x 44.86682pt.
<figures/usthb.png, id=748, 752.8125pt x 752.8125pt>
File: figures/usthb.png Graphic file (type png)
<use figures/usthb.png>
Package pdftex.def Info: figures/usthb.png  used on input line 106.
(pdftex.def)             Requested size: 52.70226pt x 52.70226pt.

Overfull \hbox (17.0pt too wide) in paragraph at lines 90--110
[]$[]$ 
 []

LaTeX Font Info:    Font shape `T1/ntxtlf/b/n' will be
(Font)              scaled to size 10.95pt on input line 115.
LaTeX Font Info:    Font shape `T1/ntxtlf/m/n' will be
(Font)              scaled to size 17.28pt on input line 130.

Overfull \hbox (17.0pt too wide) in paragraph at lines 129--131
[][] 
 []

LaTeX Font Info:    Font shape `T1/ntxtlf/b/n' will be
(Font)              scaled to size 17.28pt on input line 132.

Overfull \hbox (17.0pt too wide) in paragraph at lines 137--139
[][] 
 []


Underfull \hbox (badness 10000) in paragraph at lines 137--139

 []

LaTeX Font Info:    Font shape `T1/ntxtlf/m/n' will be
(Font)              scaled to size 12.0pt on input line 142.
LaTeX Font Info:    Font shape `T1/ntxtlf/b/n' will be
(Font)              scaled to size 12.0pt on input line 142.

Underfull \hbox (badness 10000) in paragraph at lines 140--163

 []

[1

{C:/Users/admin/AppData/Local/MiKTeX/fonts/map/pdftex/pdftex.map}{C:/Users/admi
n/AppData/Local/Programs/MiKTeX/fonts/enc/dvips/newtx/ntx-ec-tlf.enc} <./figure
s/huawei.png> <./figures/usthb.png>]
\openout2 = `Chapters/remerciements.aux'.

 (Chapters/remerciements.tex
LaTeX Font Info:    Font shape `T1/ntxtlf/b/n' will be
(Font)              scaled to size 14.4pt on input line 1.
LaTeX Font Info:    Font shape `T1/ntxtlf/m/n' will be
(Font)              scaled to size 14.4pt on input line 1.
) [1


]
(main.toc [2



] [3] [4] [5])
\tf@toc=\write5
\openout5 = `main.toc'.

 [6]
\openout2 = `Chapters/acronymes.aux'.

 (Chapters/acronymes.tex
Overfull \hbox (0.17424pt too wide) in alignment at lines 4--8
 [] [] 
 []


Overfull \hbox (0.17424pt too wide) in alignment at lines 8--12
 [] [] 
 []

LaTeX Font Info:    Font shape `T1/ntxtlf/m/it' will be
(Font)              scaled to size 10.95pt on input line 14.

Overfull \hbox (0.17424pt too wide) in alignment at lines 12--15
 [] [] 
 []


Overfull \hbox (0.17424pt too wide) in alignment at lines 15--17
 [] [] 
 []


Overfull \hbox (0.17424pt too wide) in alignment at lines 17--39
 [] [] 
 []

) [7


] (main.lof
LaTeX Font Info:    Trying to load font information for T1+ntxtt on input line 
41.

(C:\Users\admin\AppData\Local\Programs\MiKTeX\tex/latex/newtx\t1ntxtt.fd
File: t1ntxtt.fd 2012/04/20 v3.1
)
LaTeX Font Info:    Font shape `T1/ntxtt/m/n' will be
(Font)              scaled to size 10.95pt on input line 41.
Package microtype Info: Loading generic protrusion settings for font family
(microtype)             `ntxtt' (encoding: T1).
(microtype)             For optimal results, create family-specific settings.
(microtype)             See the microtype manual for details.

[8



])
\tf@lof=\write6
\openout6 = `main.lof'.

 [9] (main.lot)
\tf@lot=\write7
\openout7 = `main.lot'.

 [10

]
\openout2 = `Chapters/introduction.aux'.

 (Chapters/introduction.tex) [1



]
\openout2 = `Chapters/chapitre1.aux'.


(Chapters/chapitre1.tex
Chapter 1.
LaTeX Font Info:    Trying to load font information for T1+qhv on input line 1.

(C:\Users\admin\AppData\Local\Programs\MiKTeX\tex/latex/tex-gyre\t1qhv.fd
File: t1qhv.fd 2009/09/25 v1.2 font definition file for T1/qhv
)
LaTeX Font Info:    Font shape `T1/qhv/m/n' will be
(Font)              scaled to size 13.53603pt on input line 1.
Package microtype Info: Loading generic protrusion settings for font family
(microtype)             `qhv' (encoding: T1).
(microtype)             For optimal results, create family-specific settings.
(microtype)             See the microtype manual for details.
LaTeX Font Info:    Font shape `T1/qhv/m/n' will be
(Font)              scaled to size 23.38725pt on input line 1.
LaTeX Font Info:    Font shape `T1/qhv/b/n' will be
(Font)              scaled to size 23.38725pt on input line 1.
LaTeX Font Info:    Font shape `T1/qhv/b/n' will be
(Font)              scaled to size 13.53603pt on input line 1.

Underfull \hbox (badness 10000) in paragraph at lines 9--15

 []

<figures/3tier-architecture.png, id=1132, 447.17062pt x 356.0803pt>
File: figures/3tier-architecture.png Graphic file (type png)
<use figures/3tier-architecture.png>
Package pdftex.def Info: figures/3tier-architecture.png  used on input line 24.

(pdftex.def)             Requested size: 250.24199pt x 199.26778pt.
LaTeX Font Info:    Font shape `T1/ntxtlf/m/n' will be
(Font)              scaled to size 10.0pt on input line 25.
LaTeX Font Info:    Font shape `T1/ntxtlf/b/n' will be
(Font)              scaled to size 10.0pt on input line 25.
LaTeX Font Info:    Font shape `T1/ntxtlf/m/it' will be
(Font)              scaled to size 10.0pt on input line 25.
[2




{C:/Users/admin/AppData/Local/Programs/MiKTeX/fonts/enc/dvips/tex-gyre/q-ec.enc
}]
<figures/spine_leaf_architecture.jpg, id=1144, 558.085pt x 316.18124pt>
File: figures/spine_leaf_architecture.jpg Graphic file (type jpg)
<use figures/spine_leaf_architecture.jpg>
Package pdftex.def Info: figures/spine_leaf_architecture.jpg  used on input lin
e 32.
(pdftex.def)             Requested size: 250.24199pt x 141.77367pt.
<figures/CloudEngine-S5731-H-v2.png, id=1146, 652.4375pt x 489.83pt>
File: figures/CloudEngine-S5731-H-v2.png Graphic file (type png)
<use figures/CloudEngine-S5731-H-v2.png>
Package pdftex.def Info: figures/CloudEngine-S5731-H-v2.png  used on input line
 41.
(pdftex.def)             Requested size: 150.14671pt x 112.72578pt.
 [3 <./figures/3tier-architecture.png> <./figures/spine_leaf_architecture.jpg>]
<figures/firewall.png, id=1163, 413.29407pt x 204.01219pt>
File: figures/firewall.png Graphic file (type png)
<use figures/firewall.png>
Package pdftex.def Info: figures/firewall.png  used on input line 51.
(pdftex.def)             Requested size: 150.14671pt x 74.11673pt.
<figures/dell_poweredge_r760xa.png, id=1165, 2409.0pt x 1606.0pt>
File: figures/dell_poweredge_r760xa.png Graphic file (type png)
<use figures/dell_poweredge_r760xa.png>
Package pdftex.def Info: figures/dell_poweredge_r760xa.png  used on input line 
59.
(pdftex.def)             Requested size: 150.14671pt x 100.08069pt.
 [4 <./figures/CloudEngine-S5731-H-v2.png> <./figures/firewall.png>])
[5 <./figures/dell_poweredge_r760xa.png>]
\openout2 = `Chapters/chapitre2.aux'.

 (Chapters/chapitre2.tex
Chapter 2.
LaTeX Font Info:    Font shape `OT1/minntx/m/n' will be
(Font)              scaled to size 12.0pt on input line 7.
LaTeX Font Info:    Font shape `OT1/minntx/m/n' will be
(Font)              scaled to size 8.8pt on input line 7.
LaTeX Font Info:    Font shape `OT1/minntx/m/n' will be
(Font)              scaled to size 6.6pt on input line 7.
LaTeX Font Info:    Font shape `OML/ntxmi/m/it' will be
(Font)              scaled to size 12.0pt on input line 7.
LaTeX Font Info:    Font shape `OML/ntxmi/m/it' will be
(Font)              scaled to size 8.8pt on input line 7.
LaTeX Font Info:    Font shape `OML/ntxmi/m/it' will be
(Font)              scaled to size 6.6pt on input line 7.
LaTeX Font Info:    Font shape `LMS/ntxsy/m/n' will be
(Font)              scaled to size 12.0pt on input line 7.
LaTeX Font Info:    Font shape `LMS/ntxsy/m/n' will be
(Font)              scaled to size 8.8pt on input line 7.
LaTeX Font Info:    Font shape `LMS/ntxsy/m/n' will be
(Font)              scaled to size 6.6pt on input line 7.
LaTeX Font Info:    Font shape `LMX/ntxexx/m/n' will be
(Font)              scaled to size 12.0pt on input line 7.
LaTeX Font Info:    Font shape `LMX/ntxexx/m/n' will be
(Font)              scaled to size 8.8pt on input line 7.
LaTeX Font Info:    Font shape `LMX/ntxexx/m/n' will be
(Font)              scaled to size 6.6pt on input line 7.
LaTeX Font Info:    Font shape `U/ntxmia/m/it' will be
(Font)              scaled to size 12.0pt on input line 7.
LaTeX Font Info:    Font shape `U/ntxmia/m/it' will be
(Font)              scaled to size 8.8pt on input line 7.
LaTeX Font Info:    Font shape `U/ntxmia/m/it' will be
(Font)              scaled to size 6.6pt on input line 7.
LaTeX Font Info:    Font shape `U/ntxsym/m/n' will be
(Font)              scaled to size 12.0pt on input line 7.
LaTeX Font Info:    Font shape `U/ntxsym/m/n' will be
(Font)              scaled to size 8.8pt on input line 7.
LaTeX Font Info:    Font shape `U/ntxsym/m/n' will be
(Font)              scaled to size 6.6pt on input line 7.
LaTeX Font Info:    Font shape `U/ntxsyc/m/n' will be
(Font)              scaled to size 12.0pt on input line 7.
LaTeX Font Info:    Font shape `U/ntxsyc/m/n' will be
(Font)              scaled to size 8.8pt on input line 7.
LaTeX Font Info:    Font shape `U/ntxsyc/m/n' will be
(Font)              scaled to size 6.6pt on input line 7.
LaTeX Font Info:    Font shape `U/ntxexa/m/n' will be
(Font)              scaled to size 12.0pt on input line 7.
LaTeX Font Info:    Font shape `U/ntxexa/m/n' will be
(Font)              scaled to size 8.8pt on input line 7.
LaTeX Font Info:    Font shape `U/ntxexa/m/n' will be
(Font)              scaled to size 6.6pt on input line 7.

Package hyperref Warning: Token not allowed in a PDF string (Unicode):
(hyperref)                removing `\@ifnextchar' on input line 7.


Package hyperref Warning: Token not allowed in a PDF string (Unicode):
(hyperref)                removing `math shift' on input line 7.


Package hyperref Warning: Token not allowed in a PDF string (Unicode):
(hyperref)                removing `\@@underline' on input line 7.


Package hyperref Warning: Token not allowed in a PDF string (Unicode):
(hyperref)                removing `\hbox' on input line 7.


Package hyperref Warning: Token not allowed in a PDF string (Unicode):
(hyperref)                removing `\mathsurround' on input line 7.


Package hyperref Warning: Token not allowed in a PDF string (Unicode):
(hyperref)                removing `\z@' on input line 7.


Package hyperref Warning: Token not allowed in a PDF string (Unicode):
(hyperref)                removing `math shift' on input line 7.

[6




]
<figures/HLDV4.drawio.png, id=1193, 8222.72pt x 5569.80875pt>
File: figures/HLDV4.drawio.png Graphic file (type png)
<use figures/HLDV4.drawio.png>
Package pdftex.def Info: figures/HLDV4.drawio.png  used on input line 16.
(pdftex.def)             Requested size: 626.66501pt x 424.43172pt.
 [7 <./figures/HLDV4.drawio.png>]
<figures/leaf_layer.png, id=1199, 595.47469pt x 486.31688pt>
File: figures/leaf_layer.png Graphic file (type png)
<use figures/leaf_layer.png>
Package pdftex.def Info: figures/leaf_layer.png  used on input line 26.
(pdftex.def)             Requested size: 225.21626pt x 183.9267pt.
<figures/spine_layer.png, id=1202, 1067.48813pt x 249.18094pt>
File: figures/spine_layer.png Graphic file (type png)
<use figures/spine_layer.png>
Package pdftex.def Info: figures/spine_layer.png  used on input line 41.
(pdftex.def)             Requested size: 375.36299pt x 87.61766pt.
<figures/network_edge.png, id=1203, 471.26062pt x 256.70906pt>
File: figures/network_edge.png Graphic file (type png)
<use figures/network_edge.png>
Package pdftex.def Info: figures/network_edge.png  used on input line 52.
(pdftex.def)             Requested size: 225.21626pt x 122.6823pt.
 [8



 <./figures/leaf_layer.png> <./figures/spine_layer.png>]
Underfull \hbox (badness 10000) in paragraph at lines 56--60

 []

<figures/cloud_connection.png, id=1211, 684.30656pt x 340.27126pt>
File: figures/cloud_connection.png Graphic file (type png)
<use figures/cloud_connection.png>
Package pdftex.def Info: figures/cloud_connection.png  used on input line 63.
(pdftex.def)             Requested size: 225.21626pt x 111.98871pt.

Underfull \hbox (badness 10000) in paragraph at lines 67--68

 []

[9 <./figures/network_edge.png> <./figures/cloud_connection.png>]
Underfull \hbox (badness 10000) in paragraph at lines 130--131

 []

[10]
<figures/newuse.png, id=1230, 2569.6pt x 2865.70625pt>
File: figures/newuse.png Graphic file (type png)
<use figures/newuse.png>
Package pdftex.def Info: figures/newuse.png  used on input line 135.
(pdftex.def)             Requested size: 360.34908pt x 401.85205pt.
<figures/eor_config_sequence.pdf, id=1232, 741.52031pt x 1042.64531pt>
File: figures/eor_config_sequence.pdf Graphic file (type pdf)
<use figures/eor_config_sequence.pdf>
Package pdftex.def Info: figures/eor_config_sequence.pdf  used on input line 14
5.
(pdftex.def)             Requested size: 280.9773pt x 395.07976pt.

Underfull \hbox (badness 10000) in paragraph at lines 142--148

 []

[11 <./figures/newuse.png (PNG copy)>]
<figures/server_config_sequence.pdf, id=1238, 401.24907pt x 877.77937pt>
File: figures/server_config_sequence.pdf Graphic file (type pdf)
<use figures/server_config_sequence.pdf>
Package pdftex.def Info: figures/server_config_sequence.pdf  used on input line
 154.
(pdftex.def)             Requested size: 180.59714pt x 395.07744pt.

Underfull \hbox (badness 10000) in paragraph at lines 151--157

 []

[12 <./figures/eor_config_sequence.pdf>]
LaTeX Font Info:    Font shape `OT1/minntx/m/n' will be
(Font)              scaled to size 10.0pt on input line 168.
LaTeX Font Info:    Font shape `OT1/minntx/m/n' will be
(Font)              scaled to size 7.3pt on input line 168.
LaTeX Font Info:    Font shape `OT1/minntx/m/n' will be
(Font)              scaled to size 5.5pt on input line 168.
LaTeX Font Info:    Font shape `OML/ntxmi/m/it' will be
(Font)              scaled to size 10.0pt on input line 168.
LaTeX Font Info:    Font shape `OML/ntxmi/m/it' will be
(Font)              scaled to size 7.3pt on input line 168.
LaTeX Font Info:    Font shape `OML/ntxmi/m/it' will be
(Font)              scaled to size 5.5pt on input line 168.
LaTeX Font Info:    Font shape `LMS/ntxsy/m/n' will be
(Font)              scaled to size 10.0pt on input line 168.
LaTeX Font Info:    Font shape `LMS/ntxsy/m/n' will be
(Font)              scaled to size 7.3pt on input line 168.
LaTeX Font Info:    Font shape `LMS/ntxsy/m/n' will be
(Font)              scaled to size 5.5pt on input line 168.
LaTeX Font Info:    Font shape `LMX/ntxexx/m/n' will be
(Font)              scaled to size 10.0pt on input line 168.
LaTeX Font Info:    Font shape `LMX/ntxexx/m/n' will be
(Font)              scaled to size 7.3pt on input line 168.
LaTeX Font Info:    Font shape `LMX/ntxexx/m/n' will be
(Font)              scaled to size 5.5pt on input line 168.
LaTeX Font Info:    Font shape `U/ntxmia/m/it' will be
(Font)              scaled to size 10.0pt on input line 168.
LaTeX Font Info:    Font shape `U/ntxmia/m/it' will be
(Font)              scaled to size 7.3pt on input line 168.
LaTeX Font Info:    Font shape `U/ntxmia/m/it' will be
(Font)              scaled to size 5.5pt on input line 168.
LaTeX Font Info:    Font shape `U/ntxsym/m/n' will be
(Font)              scaled to size 10.0pt on input line 168.
LaTeX Font Info:    Font shape `U/ntxsym/m/n' will be
(Font)              scaled to size 7.3pt on input line 168.
LaTeX Font Info:    Font shape `U/ntxsym/m/n' will be
(Font)              scaled to size 5.5pt on input line 168.
LaTeX Font Info:    Font shape `U/ntxsyc/m/n' will be
(Font)              scaled to size 10.0pt on input line 168.
LaTeX Font Info:    Font shape `U/ntxsyc/m/n' will be
(Font)              scaled to size 7.3pt on input line 168.
LaTeX Font Info:    Font shape `U/ntxsyc/m/n' will be
(Font)              scaled to size 5.5pt on input line 168.
LaTeX Font Info:    Font shape `U/ntxexa/m/n' will be
(Font)              scaled to size 10.0pt on input line 168.
LaTeX Font Info:    Font shape `U/ntxexa/m/n' will be
(Font)              scaled to size 7.3pt on input line 168.
LaTeX Font Info:    Font shape `U/ntxexa/m/n' will be
(Font)              scaled to size 5.5pt on input line 168.
LaTeX Font Info:    Font shape `T1/ntxtlf/m/n' will be
(Font)              scaled to size 9.0pt on input line 185.
LaTeX Font Info:    Font shape `OT1/minntx/m/n' will be
(Font)              scaled to size 9.0pt on input line 188.
LaTeX Font Info:    Font shape `OML/ntxmi/m/it' will be
(Font)              scaled to size 9.0pt on input line 188.
LaTeX Font Info:    Font shape `LMS/ntxsy/m/n' will be
(Font)              scaled to size 9.0pt on input line 188.
LaTeX Font Info:    Font shape `LMX/ntxexx/m/n' will be
(Font)              scaled to size 9.0pt on input line 188.
LaTeX Font Info:    Font shape `U/ntxmia/m/it' will be
(Font)              scaled to size 9.0pt on input line 188.
LaTeX Font Info:    Font shape `U/ntxsym/m/n' will be
(Font)              scaled to size 9.0pt on input line 188.
LaTeX Font Info:    Font shape `U/ntxsyc/m/n' will be
(Font)              scaled to size 9.0pt on input line 188.
LaTeX Font Info:    Font shape `U/ntxexa/m/n' will be
(Font)              scaled to size 9.0pt on input line 188.
LaTeX Font Info:    Font shape `T1/ntxtlf/b/n' will be
(Font)              scaled to size 9.0pt on input line 190.
 [13 <./figures/server_config_sequence.pdf>]
<figures/vlan.png, id=1263, 665.48625pt x 108.405pt>
File: figures/vlan.png Graphic file (type png)
<use figures/vlan.png>
Package pdftex.def Info: figures/vlan.png  used on input line 233.
(pdftex.def)             Requested size: 360.34908pt x 58.69992pt.
LaTeX Font Info:    Font shape `T1/ntxtlf/m/n' will be
(Font)              scaled to size 8.0pt on input line 244.
LaTeX Font Info:    Font shape `OT1/minntx/m/n' will be
(Font)              scaled to size 6.0pt on input line 267.
LaTeX Font Info:    Font shape `OML/ntxmi/m/it' will be
(Font)              scaled to size 6.0pt on input line 267.
LaTeX Font Info:    Font shape `LMS/ntxsy/m/n' will be
(Font)              scaled to size 6.0pt on input line 267.
LaTeX Font Info:    Font shape `LMX/ntxexx/m/n' will be
(Font)              scaled to size 6.0pt on input line 267.
LaTeX Font Info:    Font shape `U/ntxmia/m/it' will be
(Font)              scaled to size 6.0pt on input line 267.
LaTeX Font Info:    Font shape `U/ntxsym/m/n' will be
(Font)              scaled to size 6.0pt on input line 267.
LaTeX Font Info:    Font shape `U/ntxsyc/m/n' will be
(Font)              scaled to size 6.0pt on input line 267.
LaTeX Font Info:    Font shape `U/ntxexa/m/n' will be
(Font)              scaled to size 6.0pt on input line 267.
LaTeX Font Info:    Font shape `T1/ntxtlf/b/n' will be
(Font)              scaled to size 8.0pt on input line 267.
<figures/firewall_vrrp.png, id=1267, 652.68843pt x 186.6975pt>
File: figures/firewall_vrrp.png Graphic file (type png)
<use figures/firewall_vrrp.png>
Package pdftex.def Info: figures/firewall_vrrp.png  used on input line 275.
(pdftex.def)             Requested size: 300.29344pt x 85.89897pt.
 [14 <./figures/vlan.png>]
<figures/eor_mlag.png, id=1275, 778.40813pt x 197.98969pt>
File: figures/eor_mlag.png Graphic file (type png)
<use figures/eor_mlag.png>
Package pdftex.def Info: figures/eor_mlag.png  used on input line 288.
(pdftex.def)             Requested size: 300.29344pt x 76.38184pt.
) [15 <./figures/firewall_vrrp.png> <./figures/eor_mlag.png>]
\openout2 = `Chapters/chapitre3.aux'.

 (Chapters/chapitre3.tex
Chapter 3.
LaTeX Font Info:    Trying to load font information for TS1+ntxtlf on input lin
e 8.
(C:\Users\admin\AppData\Local\Programs\MiKTeX\tex/latex/newtx\ts1ntxtlf.fd
File: ts1ntxtlf.fd 2015/01/18 v1.0 fd file for TS1/ntxtlf
)
LaTeX Font Info:    Font shape `TS1/ntxtlf/m/n' will be
(Font)              scaled to size 10.95pt on input line 8.
LaTeX Font Info:    Font shape `T1/ntxtt/m/n' will be
(Font)              scaled to size 10.0pt on input line 37.

[16




{C:/Users/admin/AppData/Local/Programs/MiKTeX/fonts/enc/dvips/tex-gyre/q-ts1.en
c}] [17]
<figures/redundancy_tests/fw2_after_failover.png, id=1316, 1158.3275pt x 247.92
625pt>
File: figures/redundancy_tests/fw2_after_failover.png Graphic file (type png)
<use figures/redundancy_tests/fw2_after_failover.png>
Package pdftex.def Info: figures/redundancy_tests/fw2_after_failover.png  used 
on input line 100.
(pdftex.def)             Requested size: 360.34908pt x 77.12872pt.
<figures/redundancy_tests/eor2_after_failover.png, id=1318, 508.90125pt x 185.6
9376pt>
File: figures/redundancy_tests/eor2_after_failover.png Graphic file (type png)
<use figures/redundancy_tests/eor2_after_failover.png>
Package pdftex.def Info: figures/redundancy_tests/eor2_after_failover.png  used
 on input line 113.
(pdftex.def)             Requested size: 325.31154pt x 118.70758pt.
<figures/redundancy_tests/torb2_after_failover.png, id=1320, 553.06625pt x 184.
69pt>
File: figures/redundancy_tests/torb2_after_failover.png Graphic file (type png)

<use figures/redundancy_tests/torb2_after_failover.png>
Package pdftex.def Info: figures/redundancy_tests/torb2_after_failover.png  use
d on input line 126.
(pdftex.def)             Requested size: 325.31154pt x 108.63359pt.
 [18 <./figures/redundancy_tests/fw2_after_failover.png (PNG copy)> <./figures/
redundancy_tests/eor2_after_failover.png (PNG copy)> <./figures/redundancy_test
s/torb2_after_failover.png (PNG copy)>]) [19]
\openout2 = `Chapters/conclusions.aux'.


(Chapters/conclusions.tex) [20




] (Chapters/appendixA_definitions.tex
Appendix A.

Package hyperref Warning: The anchor of a bookmark and its parent's must not
(hyperref)                be the same. Added a new anchor on input line 5.

[1



] [2] [3]) (Chapters/appendixB_lld_uml.tex [4]
Appendix B.
<figures/device_inventory.png, id=1351, 271.76532pt x 335.75438pt>
File: figures/device_inventory.png Graphic file (type png)
<use figures/device_inventory.png>
Package pdftex.def Info: figures/device_inventory.png  used on input line 9.
(pdftex.def)             Requested size: 325.32884pt x 401.92982pt.
<figures/ip.png, id=1352, 1340.00626pt x 463.7325pt>
File: figures/ip.png Graphic file (type png)
<use figures/ip.png>
Package pdftex.def Info: figures/ip.png  used on input line 21.
(pdftex.def)             Requested size: 681.15898pt x 235.72208pt.
[5

 <./figures/device_inventory.png>] [6] [7 <./figures/ip.png>]
<figures/port_connections/port_connections_1.png, id=1368, 674.52pt x 626.34pt>

File: figures/port_connections/port_connections_1.png Graphic file (type png)
<use figures/port_connections/port_connections_1.png>
Package pdftex.def Info: figures/port_connections/port_connections_1.png  used 
on input line 33.
(pdftex.def)             Requested size: 500.484pt x 464.74588pt.
<figures/port_connections/port_connections_2.png, id=1369, 674.52pt x 594.72188
pt>
File: figures/port_connections/port_connections_2.png Graphic file (type png)
<use figures/port_connections/port_connections_2.png>
Package pdftex.def Info: figures/port_connections/port_connections_2.png  used 
on input line 40.
(pdftex.def)             Requested size: 500.484pt x 441.28516pt.
 [8

 <./figures/port_connections/port_connections_1.png>]
<figures/port_connections/port_connections_3.png, id=1375, 688.82344pt x 452.44
03pt>
File: figures/port_connections/port_connections_3.png Graphic file (type png)
<use figures/port_connections/port_connections_3.png>
Package pdftex.def Info: figures/port_connections/port_connections_3.png  used 
on input line 47.
(pdftex.def)             Requested size: 500.484pt x 328.73225pt.
) (Chapters/appendixC_configs.tex
[9 <./figures/port_connections/port_connections_2.png>] [10 <./figures/port_con
nections/port_connections_3.png>]
Appendix C.
Package hyperref Info: bookmark level for unknown lstlisting defaults to 0 on i
nput line 12.
LaTeX Font Info:    Font shape `T1/ntxtt/m/n' will be
(Font)              scaled to size 9.0pt on input line 12.
[11

] [12] [13] [14] [15] [16]
LaTeX Font Info:    Trying to load font information for T1+txtt on input line 3
71.

(C:\Users\admin\AppData\Local\Programs\MiKTeX\tex/latex/txfonts\t1txtt.fd
File: t1txtt.fd 2000/12/15 v3.1
)
LaTeX Font Info:    Font shape `T1/ntxtt/m/it' in size <10> not available
(Font)              Font shape `T1/txtt/m/sl' tried instead on input line 371.
Package microtype Info: Loading generic protrusion settings for font family
(microtype)             `txtt' (encoding: T1).
(microtype)             For optimal results, create family-specific settings.
(microtype)             See the microtype manual for details.

[17] [18] [19] [20] [21] [22] [23] [24] [25] [26] [27]
(Chapters/appendixC_tors_initial_setup.tex [28] [29] [30] [31] [32] [33]
[34] [35] [36] [37] [38]) (Chapters/appendixC_tors_uplinks_eor.tex [39]
[40] [41] [42]) (Chapters/appendixC_eors.tex [43] [44] [45] [46] [47] [48]
[49])) (Chapters/appendixD_tests.tex [50]
Appendix D.
<figures/tests/server1_to_server2_management.png, id=3399, 565.11125pt x 232.87
pt>
File: figures/tests/server1_to_server2_management.png Graphic file (type png)
<use figures/tests/server1_to_server2_management.png>
Package pdftex.def Info: figures/tests/server1_to_server2_management.png  used 
on input line 9.
(pdftex.def)             Requested size: 500.484pt x 206.24094pt.
<figures/tests/server1_to_server2_service.png, id=3400, 565.11125pt x 232.87pt>

File: figures/tests/server1_to_server2_service.png Graphic file (type png)
<use figures/tests/server1_to_server2_service.png>
Package pdftex.def Info: figures/tests/server1_to_server2_service.png  used on 
input line 16.
(pdftex.def)             Requested size: 500.484pt x 206.24094pt.
[51

 <./figures/tests/server1_to_server2_management.png (PNG copy)>]
<figures/tests/server1_to_server3_service.png, id=3405, 579.16376pt x 212.795pt
>
File: figures/tests/server1_to_server3_service.png Graphic file (type png)
<use figures/tests/server1_to_server3_service.png>
Package pdftex.def Info: figures/tests/server1_to_server3_service.png  used on 
input line 26.
(pdftex.def)             Requested size: 500.484pt x 183.88654pt.
<figures/tests/server1_to_server5_service.png, id=3406, 565.11125pt x 232.87pt>

File: figures/tests/server1_to_server5_service.png Graphic file (type png)
<use figures/tests/server1_to_server5_service.png>
Package pdftex.def Info: figures/tests/server1_to_server5_service.png  used on 
input line 33.
(pdftex.def)             Requested size: 500.484pt x 206.24094pt.
 [52 <./figures/tests/server1_to_server2_service.png (PNG copy)> <./figures/tes
ts/server1_to_server3_service.png (PNG copy)>]
<figures/tests/server7_to_server8_service.png, id=3411, 565.11125pt x 232.87pt>

File: figures/tests/server7_to_server8_service.png Graphic file (type png)
<use figures/tests/server7_to_server8_service.png>
Package pdftex.def Info: figures/tests/server7_to_server8_service.png  used on 
input line 40.
(pdftex.def)             Requested size: 500.484pt x 206.24094pt.
<figures/tests/server1_to_server7_management.png, id=3412, 565.11125pt x 232.87
pt>
File: figures/tests/server1_to_server7_management.png Graphic file (type png)
<use figures/tests/server1_to_server7_management.png>
Package pdftex.def Info: figures/tests/server1_to_server7_management.png  used 
on input line 50.
(pdftex.def)             Requested size: 500.484pt x 206.24094pt.
 [53 <./figures/tests/server1_to_server5_service.png (PNG copy)> <./figures/tes
ts/server7_to_server8_service.png (PNG copy)>]
<figures/tests/server7_to_server1_management(blocked).png, id=3417, 590.205pt x
 138.5175pt>
File: figures/tests/server7_to_server1_management(blocked).png Graphic file (ty
pe png)
<use figures/tests/server7_to_server1_management(blocked).png>
Package pdftex.def Info: figures/tests/server7_to_server1_management(blocked).p
ng  used on input line 57.
(pdftex.def)             Requested size: 500.484pt x 117.46353pt.
) (Chapters/appendixE_config_verify.tex [54 <./figures/tests/server1_to_server7
_management.png (PNG copy)> <./figures/tests/server7_to_server1_management(bloc
ked).png (PNG copy)>]
Appendix E.
<figures/eor1/eor1_vlans.png, id=3423, 849.1725pt x 248.93pt>
File: figures/eor1/eor1_vlans.png Graphic file (type png)
<use figures/eor1/eor1_vlans.png>
Package pdftex.def Info: figures/eor1/eor1_vlans.png  used on input line 9.
(pdftex.def)             Requested size: 500.484pt x 146.71548pt.
<figures/eor1/eor1_ip.png, id=3424, 727.71875pt x 168.63pt>
File: figures/eor1/eor1_ip.png Graphic file (type png)
<use figures/eor1/eor1_ip.png>
Package pdftex.def Info: figures/eor1/eor1_ip.png  used on input line 16.
(pdftex.def)             Requested size: 500.484pt x 115.97656pt.
<figures/eor1/eor1_interfaces.png, id=3425, 707.64375pt x 874.26625pt>
File: figures/eor1/eor1_interfaces.png Graphic file (type png)
<use figures/eor1/eor1_interfaces.png>
Package pdftex.def Info: figures/eor1/eor1_interfaces.png  used on input line 2
3.
(pdftex.def)             Requested size: 500.484pt x 618.33214pt.
[55

 <./figures/eor1/eor1_vlans.png (PNG copy)> <./figures/eor1/eor1_ip.png (PNG co
py)>]
<figures/eor1/eor1_mlag_default.png, id=3430, 572.1375pt x 509.905pt>
File: figures/eor1/eor1_mlag_default.png Graphic file (type png)
<use figures/eor1/eor1_mlag_default.png>
Package pdftex.def Info: figures/eor1/eor1_mlag_default.png  used on input line
 30.
(pdftex.def)             Requested size: 500.484pt x 446.04906pt.
 [56 <./figures/eor1/eor1_interfaces.png (PNG copy)>]
<figures/tora1/tora1_vlan.png, id=3435, 751.80875pt x 258.9675pt>
File: figures/tora1/tora1_vlan.png Graphic file (type png)
<use figures/tora1/tora1_vlan.png>
Package pdftex.def Info: figures/tora1/tora1_vlan.png  used on input line 40.
(pdftex.def)             Requested size: 500.484pt x 172.40088pt.
 [57 <./figures/eor1/eor1_mlag_default.png (PNG copy)>]
<figures/tora1/tora1_ip.png, id=3440, 752.8125pt x 158.5925pt>
File: figures/tora1/tora1_ip.png Graphic file (type png)
<use figures/tora1/tora1_ip.png>
Package pdftex.def Info: figures/tora1/tora1_ip.png  used on input line 47.
(pdftex.def)             Requested size: 500.484pt x 105.43846pt.
<figures/tora1/tora1_interfaces.png, id=3441, 717.68124pt x 575.14874pt>
File: figures/tora1/tora1_interfaces.png Graphic file (type png)
<use figures/tora1/tora1_interfaces.png>
Package pdftex.def Info: figures/tora1/tora1_interfaces.png  used on input line
 54.
(pdftex.def)             Requested size: 500.484pt x 401.09189pt.
 [58 <./figures/tora1/tora1_vlan.png (PNG copy)> <./figures/tora1/tora1_ip.png 
(PNG copy)>]
<figures/tora1/tora1_mlag_default.png, id=3446, 518.93875pt x 522.95375pt>
File: figures/tora1/tora1_mlag_default.png Graphic file (type png)
<use figures/tora1/tora1_mlag_default.png>
Package pdftex.def Info: figures/tora1/tora1_mlag_default.png  used on input li
ne 61.
(pdftex.def)             Requested size: 500.484pt x 504.38388pt.
 [59 <./figures/tora1/tora1_interfaces.png (PNG copy)>]
<figures/fw1/fw1_vlan.png, id=3451, 1158.3275pt x 247.92625pt>
File: figures/fw1/fw1_vlan.png Graphic file (type png)
<use figures/fw1/fw1_vlan.png>
Package pdftex.def Info: figures/fw1/fw1_vlan.png  used on input line 71.
(pdftex.def)             Requested size: 500.484pt x 107.1207pt.
 [60 <./figures/tora1/tora1_mlag_default.png (PNG copy)>]
<figures/fw1/fw1_interfaces_ips.png, id=3457, 564.1075pt x 319.1925pt>
File: figures/fw1/fw1_interfaces_ips.png Graphic file (type png)
<use figures/fw1/fw1_interfaces_ips.png>
Package pdftex.def Info: figures/fw1/fw1_interfaces_ips.png  used on input line
 78.
(pdftex.def)             Requested size: 500.484pt x 283.194pt.
<figures/fw1/fw1_vrrp.png, id=3458, 1158.3275pt x 297.11pt>
File: figures/fw1/fw1_vrrp.png Graphic file (type png)
<use figures/fw1/fw1_vrrp.png>
Package pdftex.def Info: figures/fw1/fw1_vrrp.png  used on input line 85.
(pdftex.def)             Requested size: 500.484pt x 128.37137pt.
<figures/fw1/fw2_vrrp.png, id=3459, 1158.3275pt x 297.11pt>
File: figures/fw1/fw2_vrrp.png Graphic file (type png)
<use figures/fw1/fw2_vrrp.png>
Package pdftex.def Info: figures/fw1/fw2_vrrp.png  used on input line 92.
(pdftex.def)             Requested size: 500.484pt x 128.37137pt.
 [61 <./figures/fw1/fw1_vlan.png (PNG copy)> <./figures/fw1/fw1_interfaces_ips.
png (PNG copy)> <./figures/fw1/fw1_vrrp.png (PNG copy)>]
<figures/fw1/fw1_rules.png, id=3464, 1155.31625pt x 385.44pt>
File: figures/fw1/fw1_rules.png Graphic file (type png)
<use figures/fw1/fw1_rules.png>
Package pdftex.def Info: figures/fw1/fw1_rules.png  used on input line 99.
(pdftex.def)             Requested size: 500.484pt x 166.97104pt.
<figures/server1/server1_config.png, id=3465, 1152.305pt x 651.43375pt>
File: figures/server1/server1_config.png Graphic file (type png)
<use figures/server1/server1_config.png>
Package pdftex.def Info: figures/server1/server1_config.png  used on input line
 109.
(pdftex.def)             Requested size: 500.484pt x 282.94395pt.
) [62 <./figures/fw1/fw2_vrrp.png (PNG copy)> <./figures/fw1/fw1_rules.png (PNG
 copy)> <./figures/server1/server1_config.png (PNG copy)>] (main.bbl
Underfull \hbox (badness 10000) in paragraph at lines 29--36
\T1/ntxtlf/m/n/10.95 (+20) tec-tures.  []$\T1/ntxtt/m/n/10.95 https : / / suppo
rt . huawei . com / enterprise / en / doc / EDOC1000069520 / 3dd72ce8 /
 []


Underfull \hbox (badness 10000) in paragraph at lines 29--36
\T1/ntxtt/m/n/10.95 deployment-[]differences-[]between-[]two-[]layer-[]and-[]th
ree-[]layer-[]network-[]architectures$[]\T1/ntxtlf/m/n/10.95 (+20) ,
 []


Underfull \hbox (badness 1902) in paragraph at lines 62--67
[]\T1/ntxtlf/m/n/10.95 (+20) VMware.  vSphere net-work-ing guide.  []$\T1/ntxtt
/m/n/10.95 https : / / docs . vmware . com / en / VMware-[]vSphere / 8 . 0 /
 []

[63


]) [64]
\openout2 = `Chapters/resume.aux'.

 (Chapters/resume.tex) [65


] (main.aux (Chapters/remerciements.aux)
(Chapters/acronymes.aux) (Chapters/introduction.aux) (Chapters/chapitre1.aux)
(Chapters/chapitre2.aux) (Chapters/chapitre3.aux) (Chapters/conclusions.aux)
(Chapters/resume.aux))
 ***********
LaTeX2e <2025-11-01>
L3 programming layer <2020/03/25>
 ***********
Package rerunfilecheck Info: File `main.out' has not changed.
(rerunfilecheck)             Checksum: 7CBB264ACEDCAA858FDD8FFC722A06AF;33691.
 ) 
Here is how much of TeX's memory you used:
 48830 strings out of 467871
 969038 string characters out of 5418377
 1484931 words of memory out of 5000000
 74569 multiletter control sequences out of 15000+600000
 742011 words of font info for 260 fonts, out of 8000000 for 9000
 1141 hyphenation exceptions out of 8191
 99i,21n,131p,2493b,2654s stack positions out of 10000i,1000n,20000p,200000b,200000s
<C:/Users/admin/AppData/Local/Programs/MiKTeX/fonts/type1/public/tex-gyre/qhv
r.pfb><C:/Users/admin/AppData/Local/Programs/MiKTeX/fonts/type1/public/tex-gyre
/qtmr.pfb><C:/Users/admin/AppData/Local/Programs/MiKTeX/fonts/type1/public/txfo
nts/t1xtt.pfb><C:/Users/admin/AppData/Local/Programs/MiKTeX/fonts/type1/public/
txfonts/t1xtt.pfb><C:/Users/admin/AppData/Local/Programs/MiKTeX/fonts/type1/pub
lic/newtx/txsys.pfb><C:/Users/admin/AppData/Local/Programs/MiKTeX/fonts/type1/p
ublic/newtx/ztmb.pfb><C:/Users/admin/AppData/Local/Programs/MiKTeX/fonts/type1/
public/newtx/ztmr.pfb><C:/Users/admin/AppData/Local/Programs/MiKTeX/fonts/type1
/public/newtx/ztmri.pfb>
Output written on main.pdf (96 pages, 6104875 bytes).
PDF statistics:
 3983 PDF objects out of 4296 (max. 8388607)
 2157 named destinations out of 2487 (max. 500000)
 52544 words of extra memory for PDF output out of 61914 (max. 10000000)

